19980101-01-001,19980101-01-001->1.0,19980119-06-003->0.21372066,19980127-02-020->0.18888076,19980114-08-011->0.17903042,19980131-04-002->0.17466228,19980108-04-019->0.17411298,19980124-08-003->0.17013678,19980107-03-006->0.16905873,19980101-03-016->0.16422522,19980127-02-007->0.16177543,19980131-03-009->0.15122083,19980102-02-011->0.14878485,19980117-08-004->0.13808754,19980127-04-005->0.1356761,19980109-06-012->0.1344202,19980114-11-001->0.13402699,19980115-11-003->0.13104066,19980123-04-018->0.13022369,19980114-10-001->0.12982969,19980123-05-003->0.12930179,19980110-01-002->0.12745792,19980115-11-004->0.12366796,19980127-12-004->0.120829426,19980127-03-014->0.115209505,19980108-06-003->0.1147137,19980109-09-002->0.114108376,19980119-06-001->0.113857955,19980122-06-004->0.113515176,19980123-10-007->0.11103834,19980112-07-003->0.10932018,
19980101-01-002,19980101-01-002->1.0,19980110-05-003->0.53505147,19980109-02-011->0.46629614,19980119-02-011->0.43076628,19980105-11-008->0.28055394,19980113-02-001->0.26285496,19980109-02-008->0.22148028,19980127-04-015->0.2089716,19980127-02-003->0.19652745,19980130-03-002->0.1944215,19980126-12-005->0.19267078,19980126-02-010->0.18833321,19980126-09-006->0.1854527,19980122-05-007->0.18456456,19980105-04-006->0.182006,19980123-11-003->0.17756131,19980114-10-009->0.17522529,19980124-11-003->0.1714921,19980124-11-006->0.17067352,19980107-02-001->0.17065075,19980127-04-014->0.17028177,19980126-12-007->0.16801524,19980105-11-010->0.16706659,19980126-03-001->0.16456968,19980124-01-001->0.16242483,19980125-07-009->0.16177599,19980127-01-002->0.16149937,19980113-06-012->0.15818429,19980113-08-002->0.15619686,19980117-06-004->0.15589459,
19980101-01-003,19980101-01-003->1.0,19980124-04-013->0.15309167,19980115-06-010->0.13880616,19980124-07-013->0.13749991,19980112-09-005->0.12453166,19980114-01-007->0.11355354,19980113-09-001->0.10468696,19980127-03-012->0.093444005,19980115-02-012->0.09286426,19980126-07-008->0.09049316,19980114-11-006->0.09003022,19980122-05-013->0.089135334,19980124-10-011->0.08863783,19980125-06-015->0.08428521,19980120-12-005->0.080826215,19980122-02-006->0.07800633,19980113-09-008->0.07797848,19980120-10-001->0.077118225,19980112-04-005->0.07642858,19980109-01-006->0.07359648,19980106-07-010->0.07129079,19980103-02-011->0.0682222,19980121-10-012->0.064888656,19980123-06-015->0.06396445,19980121-12-004->0.063795626,19980118-02-001->0.06254721,19980129-01-007->0.06059638,19980114-03-005->0.060525708,19980126-01-011->0.058029175,19980117-02-012->0.057494096,
19980101-01-004,19980101-01-004->1.0,19980118-02-003->0.15761532,19980127-08-006->0.12288514,19980113-06-011->0.084697574,19980127-04-007->0.07835754,19980121-07-003->0.07571087,19980108-05-010->0.07466623,19980113-12-003->0.066423684,19980114-04-004->0.06575151,19980115-03-008->0.06433586,19980122-06-013->0.062639065,19980121-10-004->0.060821902,19980120-01-006->0.059201855,19980114-05-009->0.05854058,19980109-04-002->0.056094635,19980124-03-002->0.055368952,19980114-11-009->0.05316545,19980125-03-007->0.052147493,19980122-01-007->0.051931493,19980119-04-020->0.051653616,19980120-08-010->0.051018827,19980105-01-008->0.050232824,19980131-02-001->0.049908683,19980115-07-003->0.049357653,19980119-11-010->0.049012292,19980122-03-005->0.04895515,19980119-08-010->0.048177175,19980124-05-014->0.047035858,19980126-07-006->0.045332354,19980113-12-002->0.044886034,
19980101-01-005,19980101-01-005->1.0,19980106-04-003->0.13407655,19980109-01-001->0.07814576,19980110-04-010->0.06916823,19980120-09-009->0.060928248,19980105-10-005->0.05958445,19980106-10-004->0.058811143,19980124-07-007->0.052904177,19980119-02-004->0.05244065,19980121-05-003->0.04944366,19980109-01-014->0.04548585,19980120-08-005->0.045249276,19980112-11-003->0.042387895,19980114-04-009->0.04165258,19980115-04-008->0.04147891,19980104-01-001->0.041344758,19980118-04-008->0.038320825,19980119-04-008->0.037731767,19980120-07-007->0.036643237,19980116-05-005->0.03636136,19980110-05-002->0.036324568,19980113-07-009->0.032493014,19980125-04-011->0.031415205,19980124-10-010->0.030534778,19980112-10-002->0.030451141,19980110-03-002->0.029373849,19980115-05-008->0.028548576,19980130-01-002->0.028140983,19980131-04-002->0.028116537,19980103-03-004->0.027589345,
19980101-02-001,19980101-02-001->0.99999994,19980107-05-014->0.10834141,19980110-02-012->0.0962914,19980123-10-006->0.077402376,19980123-04-018->0.07559462,19980122-09-004->0.07536526,19980119-06-012->0.07423754,19980128-04-001->0.07276353,19980123-06-015->0.071938105,19980121-12-006->0.06877017,19980114-05-004->0.06704504,19980127-08-008->0.06328289,19980127-11-004->0.056009714,19980115-05-017->0.05100412,19980112-04-001->0.050457347,19980109-06-016->0.047746405,19980124-10-011->0.046700165,19980104-04-009->0.046370827,19980130-03-001->0.04635959,19980126-04-005->0.04549719,19980125-07-006->0.044125132,19980125-02-010->0.043870095,19980118-01-011->0.04325833,19980125-03-005->0.042663254,19980112-08-008->0.042425863,19980124-11-008->0.04129803,19980114-03-006->0.039543085,19980120-01-008->0.03833788,19980114-03-008->0.038329165,19980115-06-015->0.038220476,
19980101-02-002,19980101-02-002->1.0000001,19980124-02-014->0.17102776,19980112-09-004->0.12939991,19980105-03-014->0.12847148,19980119-03-002->0.12637079,19980128-03-004->0.087973885,19980113-12-002->0.0868997,19980111-02-010->0.08140625,19980115-06-015->0.07794376,19980117-05-001->0.072625235,19980115-06-018->0.067941375,19980130-01-001->0.064984776,19980105-04-006->0.0648537,19980110-01-001->0.0643339,19980113-05-005->0.06369841,19980127-04-004->0.062154748,19980120-08-009->0.06055385,19980115-02-008->0.05932042,19980116-08-004->0.058171146,19980108-06-005->0.05665741,19980112-10-016->0.056473136,19980112-09-007->0.0563784,19980112-05-005->0.05607056,19980108-06-012->0.05606088,19980124-05-007->0.055162128,19980114-10-004->0.055108476,19980113-11-009->0.054333724,19980112-07-009->0.053847436,19980106-04-007->0.05340545,19980128-02-005->0.05255063,
19980101-02-003,19980101-02-003->1.0,19980124-10-003->0.30854535,19980125-08-006->0.09843139,19980112-08-002->0.09400611,19980108-06-012->0.08107441,19980122-03-009->0.08103881,19980112-08-001->0.06662196,19980123-02-007->0.06644314,19980107-09-004->0.06630738,19980110-01-001->0.06569564,19980107-09-003->0.06167314,19980124-09-004->0.06124566,19980105-11-004->0.060565613,19980123-05-014->0.058696445,19980115-04-006->0.058431186,19980112-05-005->0.057916895,19980120-07-009->0.057686474,19980121-02-005->0.05691952,19980115-03-003->0.05659484,19980112-07-009->0.05610786,19980108-02-013->0.055831265,19980120-04-016->0.055578932,19980106-05-013->0.055099525,19980122-01-007->0.05401535,19980120-01-002->0.053763438,19980116-07-001->0.053173475,19980109-12-006->0.05268144,19980103-01-004->0.052293874,19980123-04-009->0.051456314,19980131-02-013->0.05088297,
19980101-02-004,19980101-02-004->1.0,19980125-11-008->0.34229547,19980127-07-001->0.26686144,19980102-03-005->0.25802884,19980102-03-006->0.25605768,19980119-04-011->0.250725,19980112-11-003->0.19992647,19980113-07-009->0.16598845,19980123-03-004->0.13585469,19980115-07-003->0.13336758,19980104-01-008->0.131614,19980103-04-001->0.1314431,19980114-11-005->0.12597641,19980107-11-001->0.12480264,19980119-08-001->0.12401867,19980121-05-003->0.120763995,19980106-04-006->0.11329591,19980107-05-010->0.11247801,19980122-02-004->0.109684885,19980103-04-002->0.10621598,19980105-07-004->0.10034035,19980121-01-008->0.10030483,19980105-06-004->0.09901911,19980121-08-003->0.0983461,19980119-01-004->0.09455289,19980103-03-006->0.088576786,19980122-08-001->0.08770836,19980125-02-015->0.08748162,19980120-08-003->0.08700898,19980105-01-005->0.08637209,
19980101-02-005,19980101-02-005->1.0,19980109-12-007->0.102413505,19980128-02-004->0.09019403,19980102-02-007->0.06704555,19980119-11-008->0.063211046,19980121-02-012->0.056547873,19980130-01-009->0.052655127,19980108-08-007->0.04967101,19980114-11-002->0.04889793,19980123-05-014->0.048831914,19980131-01-009->0.048728637,19980122-04-011->0.045955963,19980121-06-005->0.045378853,19980120-04-015->0.04508694,19980120-12-012->0.044520404,19980123-12-007->0.0431071,19980125-06-006->0.043038502,19980124-07-017->0.04292447,19980112-10-013->0.042597577,19980106-06-008->0.04245072,19980105-09-005->0.042021286,19980119-06-012->0.041569944,19980127-09-002->0.04149943,19980103-03-006->0.040572025,19980119-01-005->0.040451717,19980116-01-007->0.040090304,19980118-04-001->0.040012404,19980102-02-012->0.039311744,19980123-06-003->0.03923106,19980110-02-012->0.038302384,
19980101-02-006,19980101-02-006->1.0,19980119-10-012->0.13303664,19980112-05-005->0.12323132,19980107-09-005->0.12046335,19980125-08-006->0.110702954,19980107-09-004->0.10184488,19980112-09-007->0.10181027,19980114-12-001->0.10161287,19980116-08-004->0.100818396,19980129-02-014->0.09973033,19980109-02-005->0.0983456,19980107-11-001->0.09735827,19980110-04-010->0.09188992,19980105-07-008->0.091522016,19980112-11-001->0.08973314,19980122-01-009->0.086990505,19980110-03-004->0.08458967,19980112-07-009->0.084413856,19980108-07-003->0.08436423,19980122-01-007->0.08029848,19980112-08-002->0.07918277,19980124-02-012->0.07871195,19980108-06-012->0.07859567,19980110-01-001->0.07450183,19980109-12-006->0.074496195,19980130-01-004->0.07391166,19980124-09-004->0.073547825,19980126-07-004->0.07313267,19980128-02-005->0.07289501,19980105-10-008->0.072307535,
19980101-02-007,19980101-02-007->0.99999994,19980129-02-004->0.24518064,19980105-01-011->0.15435506,19980113-04-016->0.14651601,19980107-05-008->0.14064004,19980107-06-005->0.1347325,19980118-01-003->0.12999772,19980121-05-009->0.12903361,19980105-02-005->0.1054696,19980121-08-008->0.10299115,19980108-06-006->0.093556136,19980121-07-003->0.08744985,19980124-08-003->0.08217459,19980120-04-013->0.07978316,19980120-01-001->0.07949265,19980122-01-009->0.07693396,19980116-12-006->0.07552649,19980119-03-005->0.07488754,19980116-12-008->0.07474601,19980122-01-010->0.07262187,19980106-04-007->0.069702,19980105-07-009->0.06677494,19980119-04-020->0.06423486,19980127-06-007->0.06333025,19980110-03-011->0.06329094,19980125-09-003->0.06328214,19980126-07-006->0.06317212,19980108-07-003->0.061838575,19980130-01-009->0.061827928,19980127-10-003->0.06065436,
19980101-02-008,19980101-02-008->0.9999999,19980107-06-004->0.7353729,19980127-06-014->0.6958673,19980127-06-013->0.6949193,19980119-10-013->0.6160147,19980116-06-012->0.5720771,19980114-10-002->0.5657643,19980121-01-005->0.55048233,19980131-02-011->0.516312,19980123-04-005->0.47636294,19980115-06-011->0.32861763,19980105-04-012->0.32192987,19980121-05-008->0.31719625,19980119-01-006->0.238494,19980105-03-013->0.2307471,19980126-10-012->0.22270472,19980127-04-006->0.21944353,19980105-04-015->0.21681009,19980119-10-005->0.20675965,19980123-10-008->0.1984987,19980127-04-003->0.18108305,19980119-10-018->0.16643918,19980126-10-014->0.16457729,19980115-11-010->0.16391654,19980129-03-005->0.16102314,19980127-04-015->0.13494684,19980109-06-007->0.1343883,19980122-08-004->0.13149591,19980112-03-004->0.12048356,19980114-09-002->0.10958659,
19980101-02-009,19980101-02-009->1.0000001,19980110-02-011->0.14341806,19980113-06-007->0.103022546,19980114-02-001->0.09120865,19980120-01-007->0.08713571,19980113-12-004->0.083149865,19980109-03-008->0.08269199,19980122-03-005->0.08202397,19980125-11-002->0.07798377,19980119-11-008->0.075442925,19980109-04-002->0.07488817,19980126-01-010->0.07482038,19980108-04-017->0.072933964,19980125-06-002->0.07190775,19980112-11-004->0.06979786,19980123-05-012->0.066282816,19980107-06-006->0.065861985,19980109-02-005->0.06541089,19980127-11-011->0.0653173,19980113-11-009->0.06500549,19980120-01-008->0.06494892,19980125-09-003->0.06465848,19980127-02-009->0.06352888,19980113-12-002->0.06346399,19980127-12-002->0.058526006,19980108-10-005->0.05799912,19980114-03-008->0.056622945,19980124-08-004->0.05566601,19980125-02-010->0.05437034,19980111-01-004->0.05435814,
19980101-02-010,19980101-02-010->1.0,19980117-02-005->0.18476014,19980119-06-009->0.1801327,19980124-07-013->0.11245767,19980125-01-006->0.09963858,19980114-04-020->0.08350936,19980113-01-005->0.08296267,19980108-07-003->0.08137439,19980124-02-012->0.078637645,19980107-11-001->0.075671345,19980105-07-008->0.07537502,19980127-08-004->0.073698536,19980107-09-004->0.07158172,19980107-05-008->0.06942707,19980122-01-009->0.066229396,19980114-12-001->0.065227576,19980112-04-014->0.06490491,19980127-09-004->0.06311671,19980119-11-007->0.060582396,19980110-04-010->0.060076475,19980107-09-005->0.059945464,19980107-05-005->0.05884131,19980106-04-007->0.058215946,19980107-10-003->0.05820638,19980109-02-005->0.05659605,19980119-10-012->0.056431416,19980107-11-007->0.055332974,19980116-11-001->0.054832574,19980126-11-001->0.054758355,19980106-11-003->0.053715743,
19980101-02-011,19980101-02-011->0.99999994,19980112-02-007->0.13610516,19980112-01-007->0.11523866,19980122-09-007->0.11286836,19980123-06-007->0.11170503,19980120-09-006->0.0987811,19980114-04-001->0.09541115,19980123-06-015->0.09378472,19980106-11-011->0.08931944,19980121-04-010->0.087071314,19980125-04-010->0.08659789,19980122-11-005->0.084662795,19980115-01-014->0.07841034,19980114-04-006->0.07755253,19980109-05-017->0.0749841,19980121-01-001->0.074359044,19980121-04-001->0.074296005,19980115-09-004->0.073296554,19980114-03-003->0.06764321,19980127-08-006->0.06707859,19980112-02-005->0.066762485,19980113-02-002->0.0657206,19980109-05-019->0.06562739,19980128-03-005->0.065329164,19980118-04-006->0.064938664,19980119-08-009->0.06288198,19980127-07-013->0.0626867,19980123-02-010->0.062606916,19980109-04-001->0.061748102,19980114-12-004->0.061141975,
19980101-02-012,19980101-02-012->0.99999994,19980125-03-008->0.39673078,19980115-06-012->0.2118143,19980123-02-016->0.18495518,19980122-04-012->0.15142253,19980122-03-006->0.13418639,19980127-01-007->0.1193074,19980106-11-004->0.11455254,19980106-04-008->0.114188746,19980103-02-013->0.107539006,19980122-04-017->0.096714325,19980110-08-005->0.0963755,19980113-05-002->0.096205235,19980125-02-005->0.09562013,19980108-09-001->0.093060784,19980108-01-007->0.09015475,19980122-04-014->0.0846055,19980127-07-008->0.084401965,19980117-01-005->0.08214386,19980111-04-007->0.08188936,19980115-05-003->0.07938608,19980127-07-007->0.0784196,19980108-05-005->0.07831245,19980105-09-002->0.077453785,19980112-06-001->0.07683385,19980125-06-006->0.07606798,19980121-09-005->0.07587154,19980124-11-003->0.075008556,19980127-06-012->0.07316367,19980115-05-009->0.07313455,
19980101-02-013,19980101-02-013->0.99999994,19980116-12-001->0.12174891,19980116-07-002->0.1002917,19980118-01-011->0.079017356,19980117-05-006->0.077710144,19980126-10-002->0.07661043,19980109-02-006->0.07373333,19980113-06-005->0.07366713,19980130-04-005->0.070175745,19980109-03-012->0.06973648,19980104-04-014->0.06954804,19980101-03-016->0.06944326,19980110-03-014->0.06868652,19980119-02-019->0.06594691,19980124-02-015->0.06359644,19980125-06-012->0.061985154,19980121-02-007->0.060167022,19980116-12-007->0.05934933,19980131-03-009->0.058176357,19980106-01-002->0.056851454,19980112-06-002->0.056297448,19980108-02-001->0.05502195,19980104-02-007->0.054791722,19980119-04-014->0.05134025,19980127-03-003->0.050673068,19980121-05-009->0.0504362,19980110-08-002->0.050381616,19980124-08-003->0.050249055,19980118-03-006->0.049060833,19980127-07-003->0.048981756,
19980101-02-014,19980101-02-014->1.0,19980113-12-004->0.2206003,19980113-11-009->0.18607052,19980104-03-002->0.16867346,19980115-06-018->0.13311742,19980119-06-011->0.12797497,19980106-06-008->0.12363853,19980115-02-008->0.12261339,19980109-03-013->0.116896376,19980106-06-014->0.1080745,19980119-02-014->0.10710462,19980113-12-003->0.102626875,19980113-12-002->0.1015317,19980124-07-003->0.09537394,19980121-01-004->0.09509647,19980108-09-001->0.092303015,19980121-08-004->0.08444915,19980124-11-001->0.08353932,19980127-07-008->0.0815901,19980106-12-012->0.07975347,19980129-03-008->0.07925697,19980105-04-014->0.07807383,19980119-07-006->0.07719468,19980124-04-008->0.07575111,19980113-02-002->0.075091586,19980106-12-010->0.07471472,19980127-04-006->0.07384355,19980125-12-003->0.07311013,19980119-01-005->0.072814874,19980123-05-014->0.072711,
19980101-02-015,19980101-02-015->1.0000001,19980123-05-003->0.15378778,19980121-06-008->0.14093356,19980112-01-005->0.11606838,19980109-04-001->0.105625324,19980107-07-003->0.090152174,19980114-04-003->0.08424053,19980114-10-004->0.08351617,19980127-08-008->0.08186395,19980120-09-006->0.0810453,19980127-02-012->0.07967968,19980121-10-012->0.07613781,19980121-06-007->0.07157617,19980114-08-008->0.069724776,19980119-07-011->0.068288915,19980117-04-006->0.067980416,19980109-02-007->0.06516869,19980124-05-008->0.06508297,19980118-04-006->0.06396504,19980124-02-001->0.063701816,19980107-06-016->0.061835416,19980130-03-012->0.061809607,19980126-04-011->0.060825583,19980120-04-002->0.059626654,19980105-01-012->0.058166683,19980122-01-013->0.057796784,19980112-11-012->0.057594646,19980115-01-007->0.057530347,19980122-05-011->0.056491014,19980109-02-013->0.055340566,
19980101-03-001,19980101-03-001->0.99999994,19980119-05-005->0.2634561,19980124-05-009->0.16338663,19980122-09-008->0.11332688,19980113-04-016->0.09476276,19980125-08-003->0.09328286,19980109-01-012->0.08334024,19980113-12-008->0.078483425,19980106-07-003->0.0768357,19980123-02-008->0.071978584,19980124-04-009->0.06894611,19980111-04-008->0.06835471,19980127-08-001->0.067132406,19980128-03-006->0.06708648,19980125-07-002->0.062334202,19980117-01-004->0.06168696,19980120-04-017->0.06132894,19980119-10-003->0.060460933,19980121-06-010->0.06021561,19980124-07-007->0.059908662,19980107-06-008->0.059755914,19980103-03-018->0.05910466,19980116-02-015->0.056927655,19980123-01-001->0.056722358,19980116-08-002->0.054611355,19980119-02-016->0.053993024,19980118-04-006->0.052290283,19980116-06-006->0.051181953,19980107-03-002->0.050906837,19980122-11-004->0.050364286,
19980101-03-002,19980101-03-002->1.0,19980101-03-016->0.2138641,19980114-04-007->0.20949766,19980124-05-010->0.1855867,19980101-07-005->0.16022782,19980127-04-005->0.14946933,19980115-11-003->0.13240841,19980116-12-006->0.119429514,19980115-02-015->0.11560124,19980124-03-001->0.105325356,19980130-03-012->0.10186648,19980121-06-009->0.10054991,19980116-05-002->0.09665658,19980120-05-009->0.09631211,19980115-11-004->0.09530905,19980119-01-013->0.0952904,19980127-04-008->0.09152365,19980115-10-001->0.090934195,19980113-01-002->0.08547143,19980118-03-008->0.085254334,19980115-06-013->0.08503907,19980129-04-006->0.080976084,19980101-07-007->0.07882572,19980120-08-009->0.07646596,19980120-04-018->0.071882285,19980105-05-011->0.06768468,19980110-02-016->0.06219793,19980122-03-015->0.061867755,19980126-11-002->0.06144117,19980120-05-003->0.06123265,
19980101-03-003,19980101-03-003->0.99999994,19980114-04-007->0.53329426,19980116-08-002->0.21311373,19980101-03-016->0.20805939,19980131-03-008->0.18848793,19980114-04-011->0.1653302,19980111-01-012->0.12948114,19980110-01-003->0.12841585,19980124-05-010->0.12311787,19980111-01-008->0.11750671,19980111-01-005->0.11143144,19980119-04-015->0.107531674,19980101-07-005->0.10528294,19980127-08-002->0.1033902,19980131-02-008->0.10211553,19980127-02-002->0.1019702,19980112-11-011->0.101491235,19980113-01-003->0.098205894,19980124-03-001->0.0956761,19980116-06-011->0.09385063,19980127-04-005->0.08128821,19980107-06-016->0.07887758,19980104-02-004->0.077682905,19980114-04-010->0.0747826,19980127-12-003->0.07465727,19980120-08-005->0.07465126,19980120-04-011->0.07318683,19980113-09-004->0.06891032,19980112-06-014->0.06746453,19980115-10-001->0.06415921,
19980101-03-004,19980101-03-004->0.99999994,19980125-12-007->0.34541863,19980109-10-003->0.20515478,19980109-10-004->0.16845821,19980117-07-003->0.14541174,19980112-11-007->0.13546734,19980112-10-003->0.12987147,19980112-11-006->0.12140499,19980123-09-001->0.10410785,19980109-03-003->0.102709815,19980112-10-009->0.08454348,19980119-01-001->0.082442515,19980107-03-001->0.0815928,19980123-04-006->0.08031805,19980122-06-002->0.07997451,19980128-02-009->0.07849071,19980105-03-012->0.067878865,19980123-01-006->0.06753735,19980109-11-003->0.06609659,19980109-08-002->0.0630263,19980128-02-010->0.061948538,19980112-02-005->0.06193441,19980127-12-006->0.060668763,19980114-01-005->0.059356883,19980110-02-015->0.059057616,19980112-04-005->0.058860034,19980115-09-002->0.058366794,19980121-02-002->0.05807103,19980131-03-008->0.055662446,19980109-06-010->0.051583555,
19980101-03-005,19980101-03-005->1.0,19980121-07-005->0.1371458,19980124-09-005->0.12605703,19980126-08-003->0.11409048,19980120-08-003->0.11195207,19980130-01-005->0.110190175,19980111-02-014->0.110093266,19980108-04-009->0.11007273,19980112-03-003->0.10315387,19980110-06-002->0.09640052,19980119-06-019->0.09198426,19980125-07-003->0.09092331,19980126-05-004->0.084324114,19980106-01-013->0.08316609,19980117-05-006->0.077264845,19980122-10-003->0.076246925,19980118-04-008->0.068599515,19980126-04-001->0.067347154,19980126-08-001->0.06575689,19980114-06-005->0.064582884,19980123-07-002->0.063657716,19980109-01-002->0.06274713,19980126-10-015->0.06149872,19980122-05-012->0.059265576,19980114-06-002->0.058837652,19980112-11-009->0.058040373,19980126-01-011->0.05784372,19980104-04-005->0.056243114,19980123-07-003->0.05492587,19980124-12-001->0.05444276,
19980101-03-006,19980101-03-006->1.0,19980101-03-009->0.708375,19980112-11-013->0.05573926,19980127-04-012->0.041690685,19980105-05-009->0.04134833,19980114-02-003->0.032908954,19980109-08-006->0.032690622,19980119-11-004->0.029168054,19980113-03-005->0.028176935,19980128-03-008->0.025456317,19980111-02-002->0.025358943,19980114-06-014->0.02525299,19980126-01-003->0.024366418,19980105-07-007->0.024067815,19980120-06-014->0.023456983,19980110-07-006->0.023412254,19980114-12-002->0.022480167,19980122-05-003->0.022321641,19980113-01-007->0.022155046,19980127-04-004->0.022107542,19980107-04-006->0.021528466,19980125-02-017->0.021293271,19980126-11-004->0.021114705,19980114-08-001->0.020976398,19980112-03-002->0.020590734,19980113-05-004->0.02048903,19980110-02-001->0.020131446,19980114-04-005->0.020001482,19980116-03-006->0.0194726,19980125-11-006->0.019377265,
19980101-03-007,19980101-03-007->1.0,19980120-04-005->0.13177457,19980129-02-001->0.10375062,19980108-08-001->0.09939352,19980110-07-009->0.09140183,19980112-05-011->0.090424694,19980114-07-001->0.08150509,19980114-01-004->0.080774575,19980126-04-001->0.08062519,19980124-07-008->0.08037743,19980110-04-003->0.07945873,19980119-06-019->0.079205245,19980109-06-012->0.077537015,19980107-04-004->0.07581406,19980110-05-004->0.072233774,19980107-10-012->0.07136007,19980114-06-002->0.07135959,19980106-04-004->0.070545346,19980112-12-002->0.06845937,19980109-01-002->0.067383304,19980126-04-011->0.06639127,19980112-09-006->0.06607198,19980108-05-003->0.06501444,19980122-05-011->0.064845696,19980124-06-012->0.064607725,19980106-10-001->0.06279404,19980119-03-009->0.061599605,19980126-01-010->0.06121116,19980109-03-001->0.060933188,19980120-02-007->0.059784424,
19980101-03-008,19980101-03-008->1.0,19980122-09-009->0.13166784,19980119-02-013->0.12757312,19980107-10-014->0.11881003,19980105-01-009->0.11737464,19980114-10-008->0.11645983,19980113-07-002->0.11423275,19980107-03-005->0.11101078,19980123-11-001->0.09548501,19980110-04-003->0.0949679,19980113-07-011->0.09342992,19980110-04-005->0.08874727,19980122-06-011->0.08715728,19980105-01-010->0.0869534,19980124-10-007->0.086467475,19980110-03-002->0.0847986,19980128-01-006->0.0842683,19980127-07-005->0.08351625,19980107-11-005->0.08238512,19980110-06-001->0.081801765,19980103-03-004->0.0809963,19980119-03-007->0.080161974,19980122-05-009->0.07983175,19980130-04-012->0.079774655,19980108-08-004->0.07648851,19980103-02-004->0.075513095,19980115-11-004->0.07497049,19980111-02-012->0.073771305,19980108-04-004->0.07324171,19980123-09-003->0.07311401,
19980101-03-009,19980101-03-009->1.0,19980101-03-006->0.708375,19980105-05-009->0.048029095,19980114-03-009->0.04458309,19980127-04-012->0.0426376,19980104-02-005->0.040794685,19980114-02-003->0.03841169,19980122-03-002->0.037555482,19980123-10-003->0.037088394,19980119-11-004->0.03477795,19980112-03-011->0.03434371,19980116-01-006->0.033474445,19980114-06-014->0.03278976,19980105-07-007->0.031570733,19980110-07-006->0.031117437,19980108-08-005->0.03012281,19980120-05-001->0.029587403,19980117-01-008->0.028538749,19980111-02-002->0.028330252,19980106-11-007->0.02796726,19980128-03-008->0.02770879,19980107-04-011->0.02719678,19980112-01-012->0.026369689,19980120-02-009->0.026194166,19980113-01-007->0.025911234,19980122-04-010->0.025806203,19980123-09-003->0.025709694,19980112-03-002->0.025604257,19980121-04-001->0.025538653,19980114-11-006->0.025302455,
19980101-03-010,19980101-03-010->1.0,19980116-05-007->0.26713097,19980112-01-001->0.2515297,19980109-03-003->0.2194365,19980122-06-003->0.20893404,19980109-05-007->0.20227215,19980119-04-019->0.16873345,19980115-05-015->0.16260095,19980116-05-004->0.15298587,19980106-02-004->0.15136787,19980126-02-015->0.1512231,19980105-08-002->0.14592186,19980120-01-014->0.14219843,19980122-04-005->0.14128448,19980124-02-005->0.12617674,19980126-11-003->0.12568764,19980124-06-010->0.12363557,19980115-02-010->0.12333428,19980105-03-002->0.12258667,19980130-03-010->0.11843619,19980105-04-008->0.118007705,19980120-11-002->0.11447285,19980124-12-006->0.11291891,19980124-02-002->0.1120452,19980105-08-006->0.111631095,19980111-04-013->0.10653233,19980105-08-005->0.10355511,19980112-04-013->0.10286456,19980115-05-001->0.10248437,19980125-11-007->0.10050656,
19980101-03-011,19980101-03-011->1.0,19980105-01-002->0.10443054,19980119-03-007->0.08336903,19980115-02-014->0.08050218,19980122-01-007->0.059541397,19980121-11-004->0.054438207,19980113-06-012->0.051432762,19980117-03-006->0.050100785,19980120-04-008->0.04998148,19980106-11-001->0.047563143,19980115-09-003->0.047281206,19980106-04-007->0.04455658,19980116-08-003->0.043769706,19980107-09-002->0.04291725,19980111-02-018->0.042823497,19980121-01-007->0.042698532,19980123-12-004->0.04265945,19980105-07-007->0.042466376,19980115-03-010->0.041674282,19980107-10-003->0.041308716,19980116-08-004->0.040417776,19980114-10-009->0.04008326,19980104-01-006->0.039735727,19980126-02-013->0.03971194,19980120-04-013->0.039499644,19980109-01-004->0.038876444,19980123-02-018->0.03886543,19980125-06-013->0.03878061,19980116-11-001->0.038575865,19980125-11-005->0.038505994,
19980101-03-012,19980101-03-012->0.99999994,19980104-01-002->0.46806663,19980115-04-013->0.23838577,19980108-09-008->0.19996293,19980107-11-006->0.17035633,19980125-09-009->0.15889649,19980105-06-014->0.15858667,19980114-01-005->0.15085517,19980119-07-004->0.132115,19980119-03-005->0.13178933,19980125-03-017->0.1307291,19980116-02-015->0.12034753,19980117-03-003->0.11928654,19980113-07-012->0.11726238,19980115-11-002->0.111570865,19980119-08-007->0.099915326,19980102-02-010->0.08461782,19980126-06-003->0.08159645,19980128-03-009->0.08014793,19980125-09-005->0.07637058,19980106-02-003->0.07249724,19980127-11-011->0.072221965,19980128-03-001->0.07086637,19980106-02-004->0.07013947,19980116-05-003->0.068805434,19980107-02-012->0.06620707,19980109-05-005->0.057820696,19980107-11-004->0.056549463,19980125-05-003->0.056202598,19980117-02-013->0.053611703,
19980101-03-013,19980101-03-013->1.0,19980101-07-001->0.46297035,19980121-04-013->0.36276636,19980112-02-019->0.31538388,19980125-12-004->0.15265617,19980110-07-004->0.11374611,19980121-09-008->0.11237219,19980127-07-007->0.107513025,19980106-02-013->0.10569154,19980125-03-002->0.10265824,19980114-01-013->0.096942954,19980114-07-001->0.092767,19980126-11-004->0.091287374,19980110-02-005->0.09107139,19980112-11-006->0.08926585,19980123-06-003->0.08252176,19980127-07-008->0.073196776,19980106-06-001->0.07314031,19980124-05-007->0.07037521,19980122-06-011->0.069941714,19980121-09-009->0.06718879,19980122-01-015->0.06494208,19980115-04-003->0.061179258,19980110-02-009->0.060631663,19980115-03-006->0.060173366,19980123-10-006->0.057912067,19980109-12-007->0.057185195,19980105-09-002->0.056871142,19980129-02-002->0.056653082,19980120-06-010->0.056385815,
19980101-03-014,19980101-03-014->1.0,19980114-06-003->0.36177015,19980123-05-002->0.26302847,19980114-03-005->0.19948745,19980125-06-004->0.17484522,19980122-06-004->0.14805248,19980130-03-012->0.14715917,19980117-08-004->0.13443565,19980120-09-006->0.11904885,19980108-02-015->0.11790175,19980129-01-006->0.117819056,19980113-04-007->0.10805291,19980116-01-003->0.10771167,19980116-04-014->0.10758823,19980122-06-002->0.10709429,19980114-06-001->0.10688276,19980122-05-011->0.10599523,19980111-02-008->0.10375646,19980112-01-002->0.102677554,19980119-04-013->0.102390155,19980122-06-010->0.10232134,19980120-01-012->0.1022071,19980127-04-012->0.1003287,19980113-12-009->0.099976115,19980104-03-003->0.09980669,19980112-02-005->0.09950085,19980123-05-003->0.09861886,19980111-02-003->0.09665569,19980114-06-005->0.09631008,19980124-10-012->0.096305884,
19980101-03-015,19980101-03-015->1.0,19980115-03-008->0.1350323,19980122-07-001->0.12914573,19980126-03-011->0.12561458,19980107-01-007->0.12421354,19980107-06-010->0.123716384,19980114-06-002->0.1219513,19980108-08-002->0.1181964,19980126-01-004->0.10869964,19980116-01-004->0.10776174,19980112-03-003->0.10709509,19980117-08-001->0.10371961,19980126-05-004->0.096285634,19980125-01-001->0.09354718,19980126-04-001->0.09342549,19980114-05-011->0.09057282,19980109-01-002->0.09001257,19980106-02-013->0.08814454,19980119-06-008->0.086399645,19980126-01-011->0.084531456,19980112-07-005->0.083462365,19980123-08-008->0.080871716,19980109-08-007->0.079686165,19980119-08-009->0.07469933,19980126-10-015->0.07114004,19980123-06-010->0.07083036,19980127-04-007->0.0696134,19980119-06-007->0.06924166,19980114-05-012->0.067172654,19980114-06-005->0.06600115,
19980101-03-016,19980101-03-016->1.0,19980114-04-007->0.31373864,19980101-07-005->0.22662565,19980101-03-002->0.2138641,19980120-04-018->0.2107668,19980121-06-009->0.2100572,19980101-03-003->0.20805939,19980124-03-001->0.18124332,19980101-01-001->0.16422522,19980127-04-005->0.15987818,19980127-04-008->0.15457681,19980116-12-006->0.1541599,19980115-06-013->0.15378328,19980131-03-009->0.14583129,19980119-01-013->0.13890281,19980127-03-011->0.13766448,19980115-02-015->0.13077371,19980115-10-001->0.12162494,19980120-08-009->0.1181439,19980126-01-002->0.11370061,19980101-07-007->0.108912885,19980113-01-003->0.09637479,19980124-05-010->0.093120515,19980122-05-003->0.08881432,19980103-03-001->0.087001696,19980107-10-006->0.078197315,19980101-02-013->0.06944326,19980115-11-004->0.06903921,19980105-05-011->0.06829911,19980117-07-002->0.06734732,
19980101-05-001,19980101-05-001->1.0,19980112-01-002->0.4043349,19980129-03-010->0.3683858,19980123-05-007->0.30214062,19980113-10-001->0.28964317,19980115-01-004->0.28806084,19980124-06-013->0.24510723,19980123-04-014->0.23061348,19980126-01-010->0.22285089,19980109-06-012->0.22234026,19980124-01-007->0.21292254,19980125-09-012->0.21142982,19980115-01-005->0.21014036,19980110-03-009->0.2069172,19980119-03-010->0.20602688,19980115-01-006->0.20050329,19980115-01-009->0.20034048,19980128-02-012->0.19543678,19980115-01-001->0.1729481,19980115-01-011->0.16796675,19980120-09-005->0.16512722,19980126-01-009->0.15303187,19980130-03-009->0.15043235,19980114-01-008->0.1474668,19980116-02-003->0.14716841,19980120-06-003->0.14625648,19980121-09-006->0.1445696,19980113-07-006->0.1445408,19980127-02-009->0.1438124,19980123-05-005->0.14319298,
19980101-07-001,19980101-07-001->1.0,19980101-03-013->0.46297035,19980112-02-019->0.43071854,19980121-04-013->0.21476534,19980125-12-004->0.18162392,19980125-03-002->0.17259593,19980114-01-013->0.16974217,19980106-02-013->0.16140416,19980124-06-009->0.13267827,19980114-07-001->0.12836593,19980129-03-009->0.11680752,19980110-07-004->0.111980796,19980127-07-007->0.10576928,19980120-05-007->0.10431265,19980112-11-006->0.09382819,19980122-01-006->0.090026215,19980122-06-011->0.08728324,19980106-01-008->0.080408886,19980120-01-002->0.07729718,19980122-07-003->0.0756925,19980112-08-006->0.075304955,19980116-01-003->0.074127555,19980101-03-014->0.07382558,19980120-09-006->0.07280644,19980126-01-009->0.072459385,19980112-08-004->0.07200384,19980123-10-006->0.07132274,19980126-11-004->0.06989908,19980109-03-008->0.06959629,19980127-02-008->0.06755106,
19980101-07-002,19980101-07-002->1.0,19980121-02-002->0.21388218,19980120-12-006->0.12335559,19980116-12-005->0.09178075,19980119-10-003->0.08687304,19980114-03-004->0.079041086,19980105-11-004->0.07213983,19980107-04-012->0.07032125,19980127-02-020->0.066399336,19980103-01-005->0.06589951,19980131-03-011->0.064899184,19980118-03-005->0.0627456,19980119-10-016->0.061957803,19980118-04-009->0.060394045,19980104-02-001->0.060246237,19980119-03-005->0.05953675,19980119-03-001->0.058162436,19980107-05-008->0.057323955,19980105-10-003->0.057249594,19980108-09-005->0.05237073,19980120-01-001->0.05210674,19980106-04-007->0.052094217,19980128-03-002->0.051634315,19980105-06-011->0.050867323,19980112-01-003->0.050754413,19980127-12-003->0.049704134,19980115-04-016->0.046760727,19980112-04-015->0.04606107,19980120-11-006->0.04584329,19980125-03-007->0.045495406,
19980101-07-003,19980101-07-003->1.0,19980108-11-006->0.20543659,19980109-10-005->0.18952401,19980109-05-020->0.15588655,19980119-03-002->0.1099377,19980122-06-012->0.10761506,19980124-05-015->0.10365905,19980128-03-011->0.099973574,19980120-01-009->0.09616712,19980110-02-001->0.080405876,19980119-03-013->0.07546308,19980114-03-004->0.07272341,19980107-03-001->0.06862835,19980119-10-011->0.06775588,19980112-09-007->0.06547594,19980131-03-011->0.06366605,19980115-02-009->0.061878167,19980110-02-005->0.06052154,19980116-03-005->0.059156306,19980122-01-012->0.059124373,19980120-06-003->0.05612969,19980114-08-002->0.055664502,19980122-06-009->0.055214964,19980125-01-002->0.05450938,19980114-06-005->0.05443723,19980122-01-016->0.05172239,19980107-01-007->0.051683664,19980112-03-003->0.050058726,19980122-06-008->0.05002106,19980114-05-011->0.049506932,
19980101-07-004,19980101-07-004->1.0000001,19980112-11-010->0.62293446,19980125-09-006->0.26562658,19980115-05-003->0.23643056,19980115-05-001->0.2321382,19980124-09-002->0.22422156,19980115-05-002->0.21994592,19980123-09-012->0.18393296,19980123-02-009->0.17849348,19980126-06-010->0.17405447,19980122-04-005->0.17011511,19980120-01-014->0.15810117,19980103-04-005->0.15046749,19980112-08-008->0.14408782,19980121-07-012->0.12693368,19980124-02-001->0.12619269,19980112-04-002->0.12267173,19980124-02-002->0.115601666,19980124-02-004->0.11298421,19980126-11-005->0.11151356,19980124-02-005->0.11122325,19980124-08-008->0.11041662,19980115-10-002->0.10926559,19980115-02-010->0.108779244,19980119-11-001->0.10809245,19980114-01-004->0.1069333,19980124-06-010->0.10503251,19980114-07-001->0.10478351,19980107-03-003->0.1041316,19980121-10-012->0.10198818,
19980101-07-005,19980101-07-005->1.0,19980127-04-005->0.27180693,19980101-03-016->0.22662565,19980115-02-015->0.19861053,19980124-03-001->0.19800569,19980116-12-006->0.19788574,19980115-10-001->0.19427162,19980117-08-002->0.19199598,19980121-06-009->0.17409879,19980112-08-006->0.16757998,19980119-01-013->0.16213368,19980101-03-002->0.16022782,19980113-01-003->0.15987138,19980122-06-004->0.15512235,19980115-06-013->0.14778677,19980126-01-009->0.14429109,19980114-04-007->0.144233,19980124-10-009->0.14396757,19980124-05-010->0.1379254,19980120-08-009->0.13574919,19980129-01-006->0.13303035,19980109-04-003->0.12838458,19980101-07-007->0.12561134,19980108-02-015->0.123405606,19980130-03-009->0.11999831,19980115-11-003->0.11740062,19980116-02-003->0.11205584,19980115-11-004->0.10701722,19980126-09-004->0.106689245,19980126-01-010->0.10555895,
19980101-07-006,19980101-07-006->1.0,19980110-03-010->0.4864009,19980112-03-004->0.41467398,19980126-08-007->0.4100135,19980125-07-009->0.39545363,19980123-10-002->0.37626216,19980124-01-001->0.3712499,19980127-04-015->0.34860075,19980114-09-002->0.32421905,19980122-02-005->0.293144,19980127-01-004->0.28351676,19980106-04-008->0.2558716,19980126-08-008->0.2216587,19980107-04-003->0.2206834,19980122-04-014->0.17894082,19980109-02-008->0.17321868,19980119-02-011->0.15245171,19980126-03-001->0.15218659,19980127-07-004->0.14552478,19980126-09-006->0.1367186,19980127-04-014->0.13198805,19980113-05-003->0.13044763,19980113-05-002->0.13020748,19980126-12-005->0.12992027,19980113-02-001->0.12831356,19980123-02-016->0.12783833,19980130-03-002->0.1263566,19980107-02-001->0.12600492,19980105-11-010->0.12487454,19980117-06-004->0.12010405,
19980101-07-007,19980101-07-007->1.0,19980105-05-011->0.218611,19980101-07-008->0.2001736,19980116-12-007->0.19838732,19980125-12-001->0.15743338,19980122-01-013->0.13214682,19980101-07-005->0.12561134,19980114-04-005->0.12067748,19980115-02-015->0.11994142,19980109-02-013->0.114181206,19980121-05-001->0.114045784,19980127-04-005->0.10955714,19980101-03-016->0.108912885,19980121-07-003->0.1080861,19980122-06-008->0.10769506,19980121-06-009->0.10463804,19980120-04-018->0.10430813,19980116-12-006->0.10104932,19980110-02-004->0.10079525,19980127-07-002->0.09890497,19980127-03-013->0.098021075,19980123-04-011->0.09788334,19980120-08-009->0.095210195,19980124-03-001->0.094036534,19980127-04-008->0.08862953,19980115-10-001->0.088229194,19980105-09-002->0.08430345,19980115-11-004->0.08378799,19980126-07-006->0.08305111,19980115-11-001->0.082775176,
19980101-07-008,19980101-07-008->1.0,19980116-12-007->0.2356918,19980121-05-001->0.22291955,19980101-07-007->0.2001736,19980123-02-017->0.17736144,19980105-05-011->0.15639995,19980119-02-019->0.14865878,19980124-09-008->0.1369464,19980109-11-002->0.13585351,19980108-05-009->0.1259178,19980120-09-003->0.123290636,19980103-02-003->0.12067765,19980109-02-004->0.11541629,19980115-11-003->0.11271481,19980127-02-022->0.10879862,19980115-11-004->0.10834303,19980111-02-005->0.105515845,19980112-03-005->0.09103921,19980119-09-001->0.090831965,19980126-01-009->0.08898957,19980108-11-005->0.08694359,19980108-07-007->0.08525578,19980119-10-008->0.08489164,19980116-04-014->0.08468971,19980120-04-018->0.084319085,19980110-01-004->0.08393754,19980127-04-008->0.0829117,19980131-03-008->0.08142823,19980115-09-006->0.08139596,19980108-06-008->0.08118935,
19980101-07-009,19980101-07-009->1.0,19980105-06-007->0.5835268,19980116-12-003->0.48843074,19980124-04-012->0.18766242,19980106-07-006->0.09799166,19980105-01-002->0.0833253,19980124-09-003->0.05591563,19980105-07-009->0.04870109,19980106-05-012->0.03996296,19980106-07-005->0.039500613,19980105-01-011->0.037889104,19980126-07-006->0.03570122,19980107-11-006->0.033021927,19980117-07-006->0.032507133,19980130-04-007->0.031050153,19980113-04-002->0.030647535,19980124-01-003->0.030647535,19980120-07-008->0.0298069,19980105-01-008->0.028258843,19980121-01-009->0.027336635,19980114-07-003->0.026145114,19980121-07-001->0.025213793,19980113-04-001->0.025203234,19980125-10-005->0.025203234,19980115-02-007->0.024767062,19980121-02-005->0.02432786,19980109-12-007->0.02387482,19980130-04-009->0.022103712,19980116-08-005->0.02103578,19980129-03-003->0.020464178,
19980101-07-010,19980101-07-010->1.0000001,19980123-05-002->0.21485133,19980114-03-005->0.19140491,19980111-02-003->0.18055068,19980126-11-005->0.1800932,19980126-01-009->0.17719029,19980105-05-002->0.16499683,19980112-08-008->0.157727,19980122-05-011->0.15481901,19980117-08-002->0.14823787,19980121-10-012->0.14625534,19980112-08-006->0.14522715,19980112-06-010->0.14010158,19980130-03-007->0.13751115,19980119-06-007->0.13726638,19980113-06-009->0.13694882,19980126-04-001->0.1368897,19980117-08-003->0.13538764,19980121-09-004->0.13504443,19980127-04-006->0.13436097,19980107-03-003->0.13399647,19980114-03-008->0.13011146,19980111-02-008->0.12660353,19980116-04-014->0.12496604,19980106-12-010->0.12488089,19980126-10-012->0.12476342,19980109-03-007->0.12464029,19980105-05-003->0.12376189,19980114-11-009->0.12276822,19980109-01-008->0.12257448,
19980102-01-001,19980102-01-001->0.99999994,19980125-11-003->0.18060282,19980122-03-011->0.18020326,19980125-09-010->0.12805828,19980120-02-001->0.11179342,19980105-03-001->0.10836655,19980123-10-010->0.08976957,19980121-07-006->0.0722476,19980105-03-009->0.06433697,19980116-02-014->0.060052734,19980119-01-002->0.05485554,19980106-02-002->0.052381404,19980107-05-010->0.05212562,19980116-12-005->0.051913623,19980126-03-005->0.04914677,19980110-04-005->0.047729004,19980118-01-005->0.047429588,19980119-07-004->0.04670001,19980122-01-004->0.046214655,19980122-02-012->0.045263983,19980120-03-004->0.044419978,19980123-04-004->0.04404089,19980109-04-006->0.04340022,19980117-08-008->0.04332025,19980126-06-004->0.042872984,19980104-02-009->0.042046875,19980117-06-005->0.040645838,19980112-05-012->0.03911803,19980109-05-005->0.03772385,19980127-07-005->0.03772308,
19980102-01-002,19980102-01-002->1.0,19980110-02-004->0.20566446,19980115-06-012->0.1244971,19980126-05-010->0.11985226,19980121-01-002->0.1164901,19980122-04-014->0.111755475,19980123-06-002->0.10958076,19980108-08-002->0.10928965,19980124-02-011->0.10919784,19980103-02-013->0.10206767,19980122-02-005->0.09665993,19980113-05-003->0.09663716,19980123-07-004->0.093660615,19980126-08-008->0.089283705,19980110-02-007->0.08523968,19980125-03-004->0.081319556,19980122-03-006->0.07070072,19980127-03-007->0.06895294,19980122-04-011->0.0678591,19980107-10-006->0.067308135,19980127-01-007->0.06722636,19980119-02-011->0.066606045,19980110-06-002->0.06630998,19980107-05-004->0.06601975,19980105-05-010->0.06521972,19980106-06-012->0.064743444,19980119-03-009->0.06471823,19980121-02-016->0.0636796,19980130-02-012->0.063575484,19980101-03-015->0.06336878,
19980102-01-003,19980102-01-003->1.0,19980113-06-014->0.14813791,19980127-10-001->0.14048906,19980118-03-008->0.13695003,19980121-08-004->0.13481729,19980127-10-002->0.12186992,19980115-02-004->0.11906161,19980120-12-010->0.116483055,19980127-10-003->0.104844734,19980113-01-004->0.10415069,19980131-02-004->0.100540385,19980124-07-004->0.098082155,19980121-08-008->0.09113086,19980127-06-006->0.08966392,19980131-02-003->0.08853306,19980121-07-003->0.08828293,19980119-10-009->0.087609194,19980131-02-001->0.083544366,19980125-06-002->0.0824977,19980107-06-014->0.08094892,19980112-11-013->0.08076316,19980127-04-011->0.08042392,19980108-08-003->0.078178234,19980112-02-012->0.07725437,19980119-11-005->0.077034146,19980116-05-014->0.0764399,19980127-06-009->0.07393067,19980119-04-020->0.07150029,19980119-05-006->0.071407795,19980105-07-001->0.07113228,
19980102-01-004,19980102-01-004->1.0,19980106-07-010->0.22879386,19980119-06-005->0.153577,19980128-01-001->0.109993346,19980102-04-003->0.09190814,19980129-02-003->0.08177495,19980110-07-006->0.078466915,19980122-02-006->0.07790642,19980109-01-006->0.07779322,19980119-04-016->0.076196894,19980123-02-012->0.073873565,19980109-01-008->0.07346878,19980103-03-017->0.070465684,19980115-05-011->0.06797129,19980114-03-008->0.06566725,19980114-06-004->0.064593725,19980131-03-006->0.06338635,19980121-06-009->0.058584,19980114-10-001->0.054731224,19980127-11-010->0.05463422,19980127-12-005->0.054230466,19980126-10-007->0.050395165,19980101-01-003->0.050265208,19980124-08-004->0.04979264,19980124-10-011->0.049069475,19980113-06-008->0.04894945,19980107-09-005->0.048152138,19980115-06-008->0.048051745,19980119-06-008->0.047474973,19980119-02-018->0.04722982,
19980102-01-005,19980102-01-005->1.0,19980121-04-007->0.36197037,19980116-05-005->0.23341918,19980108-01-003->0.1863246,19980121-11-003->0.16787142,19980105-03-001->0.15635255,19980113-05-004->0.1557545,19980114-01-011->0.155013,19980119-04-022->0.15256318,19980117-02-002->0.14913355,19980110-07-008->0.14276192,19980108-01-006->0.14257309,19980130-04-013->0.13872139,19980104-02-008->0.13073757,19980119-08-003->0.10970418,19980119-06-001->0.104208685,19980115-07-003->0.09487209,19980106-06-010->0.09334572,19980123-11-004->0.093340695,19980110-07-011->0.09331566,19980123-11-002->0.09086864,19980112-10-011->0.08850812,19980124-05-002->0.08814846,19980126-06-004->0.08784922,19980122-05-005->0.08584449,19980121-07-003->0.084540986,19980115-02-013->0.0841048,19980104-02-006->0.08395112,19980112-12-004->0.07996388,19980128-04-001->0.07468709,
19980102-01-006,19980102-01-006->0.99999994,19980106-03-003->0.65196717,19980106-03-009->0.50161254,19980126-03-005->0.34604943,19980131-01-002->0.32282197,19980121-12-003->0.26448372,19980105-03-009->0.1857646,19980129-02-009->0.16967823,19980109-05-006->0.169593,19980124-06-009->0.16946653,19980124-04-019->0.16744912,19980116-02-005->0.15436368,19980123-12-003->0.1415662,19980117-05-007->0.14147654,19980112-10-012->0.13341254,19980102-02-005->0.13277876,19980119-07-002->0.13194951,19980117-06-006->0.13178621,19980111-01-010->0.13107212,19980105-03-002->0.12878036,19980109-06-006->0.1262368,19980104-02-011->0.11679928,19980127-04-001->0.11523087,19980131-01-006->0.11124462,19980115-05-003->0.108702965,19980112-12-005->0.10490209,19980112-02-019->0.10148316,19980115-02-010->0.09799346,19980109-06-002->0.09365928,19980125-06-014->0.09203498,
19980102-01-008,19980102-01-008->1.0,19980124-04-018->0.35035104,19980104-02-009->0.18588734,19980121-11-005->0.11916754,19980109-03-007->0.082197316,19980124-12-002->0.0818686,19980104-02-002->0.0779216,19980131-03-003->0.07139838,19980110-05-003->0.06962332,19980102-02-003->0.06957601,19980117-06-005->0.06670991,19980126-04-010->0.06480277,19980106-02-002->0.06330044,19980127-02-018->0.061305854,19980127-02-024->0.0591978,19980104-04-009->0.057382036,19980119-03-011->0.05733646,19980119-07-002->0.056124654,19980117-02-003->0.055874087,19980124-06-002->0.05558534,19980121-01-005->0.052754834,19980102-03-004->0.052586053,19980123-04-004->0.04965853,19980120-02-001->0.04835073,19980110-04-002->0.048308507,19980122-05-001->0.04801006,19980114-10-003->0.047575537,19980105-06-018->0.04742831,19980109-02-011->0.04673142,19980115-10-002->0.046571594,
19980102-02-001,19980102-02-001->1.0,19980126-03-006->0.29620844,19980106-03-006->0.28354397,19980116-12-008->0.12932728,19980118-04-015->0.10204843,19980123-11-004->0.08483464,19980127-04-002->0.073229454,19980124-04-013->0.07139981,19980113-07-002->0.070882425,19980116-06-003->0.06721634,19980112-11-002->0.06452982,19980122-03-001->0.0640708,19980121-11-008->0.0638621,19980113-12-002->0.061834577,19980125-11-004->0.06121762,19980105-11-009->0.060179543,19980126-01-008->0.058035444,19980115-06-018->0.05776009,19980102-03-003->0.055792272,19980102-03-004->0.05481035,19980114-01-013->0.054709446,19980116-05-010->0.054590773,19980115-06-015->0.05399069,19980109-05-010->0.053055257,19980121-01-001->0.052469663,19980119-11-009->0.05180702,19980122-05-005->0.051806875,19980120-07-008->0.051693887,19980127-02-021->0.04958882,19980104-04-015->0.048537698,
19980102-02-002,19980102-02-002->1.0,19980109-05-021->0.2851406,19980126-08-007->0.16891445,19980105-02-002->0.16264728,19980113-05-003->0.15598832,19980119-01-003->0.14695859,19980118-02-010->0.13522205,19980120-02-002->0.12334284,19980126-03-007->0.1204087,19980113-05-002->0.11591067,19980119-08-005->0.11260214,19980123-04-004->0.09670931,19980107-04-003->0.08826287,19980110-03-010->0.08752631,19980127-01-004->0.08456862,19980124-07-006->0.08155525,19980122-04-014->0.08019914,19980113-04-015->0.07840913,19980119-06-010->0.07578625,19980126-08-008->0.072992675,19980110-07-010->0.072515324,19980116-06-002->0.0709255,19980119-11-003->0.069616154,19980119-02-011->0.06939512,19980103-03-004->0.06744006,19980113-05-005->0.06659885,19980119-10-003->0.06650154,19980124-02-011->0.06505546,19980125-09-010->0.06339208,19980105-04-002->0.063099906,
19980102-02-003,19980102-02-003->0.99999994,19980111-04-004->0.27234864,19980122-04-017->0.14453092,19980102-02-004->0.14313811,19980104-02-012->0.11913566,19980109-05-005->0.109483704,19980119-01-002->0.10417606,19980108-01-001->0.10390732,19980108-09-011->0.10097174,19980107-12-001->0.09937379,19980122-05-004->0.09841055,19980112-10-011->0.09838641,19980126-05-011->0.08888646,19980108-04-018->0.08288052,19980125-09-010->0.082864486,19980119-04-001->0.07973181,19980121-07-006->0.07831442,19980120-04-012->0.07754617,19980115-09-001->0.076690115,19980102-01-008->0.06957601,19980126-06-004->0.06937109,19980109-07-001->0.0685787,19980121-12-003->0.06759228,19980112-02-006->0.06574987,19980123-12-004->0.06511052,19980108-09-009->0.06493736,19980114-05-008->0.064045906,19980109-05-006->0.06396599,19980112-08-007->0.0637609,19980117-06-002->0.061904103,
19980102-02-004,19980102-02-004->1.0,19980102-02-003->0.14313811,19980112-04-013->0.11293866,19980109-07-001->0.10760634,19980125-09-010->0.10438627,19980106-09-009->0.095404066,19980107-12-001->0.093125425,19980119-01-002->0.0894766,19980112-04-016->0.08525851,19980108-04-018->0.074666366,19980119-04-001->0.069847,19980113-07-002->0.06353176,19980103-02-008->0.059744187,19980112-07-006->0.058079947,19980106-10-001->0.056699805,19980112-09-008->0.055975772,19980119-06-021->0.054846436,19980112-08-007->0.053750478,19980102-03-008->0.05324111,19980103-03-002->0.05158116,19980121-07-006->0.05152838,19980120-06-005->0.050562836,19980125-06-003->0.050413508,19980119-11-003->0.049348943,19980123-05-010->0.048799545,19980110-08-001->0.04862041,19980124-07-010->0.04791686,19980121-12-003->0.047722235,19980114-05-008->0.047399055,19980117-01-003->0.046573054,
19980102-02-005,19980102-02-005->1.0,19980131-01-006->0.53336334,19980112-10-012->0.4727724,19980112-12-005->0.46218443,19980109-06-006->0.3978676,19980104-02-011->0.38069627,19980109-06-008->0.37521225,19980117-05-007->0.31861705,19980117-06-006->0.31486136,19980109-06-002->0.30752212,19980124-04-019->0.30744192,19980110-07-011->0.2959104,19980115-02-013->0.29549092,19980129-02-009->0.2906873,19980106-03-009->0.26924932,19980106-03-003->0.26353395,19980123-12-003->0.24601877,19980123-04-002->0.23809615,19980109-05-006->0.20449522,19980113-07-007->0.203892,19980121-12-003->0.2010634,19980131-01-005->0.20066603,19980125-06-014->0.18916568,19980119-07-002->0.1833247,19980121-02-004->0.17951755,19980107-07-001->0.16313839,19980105-03-009->0.15014362,19980108-04-002->0.14255556,19980102-01-006->0.13277876,19980131-01-003->0.1296171,
19980102-02-006,19980102-02-006->0.99999994,19980121-09-006->0.28497383,19980126-04-001->0.20147274,19980124-06-013->0.18281151,19980109-01-002->0.17237318,19980130-04-001->0.16284348,19980124-06-012->0.15357748,19980130-03-007->0.14474265,19980115-05-001->0.13718508,19980114-06-002->0.12547287,19980127-07-011->0.12528582,19980112-09-006->0.12454692,19980115-01-004->0.1232368,19980117-07-008->0.11370404,19980124-02-001->0.11250876,19980115-01-006->0.106799215,19980123-04-014->0.10103317,19980124-07-005->0.09665124,19980115-10-002->0.09586011,19980122-06-013->0.0956461,19980122-05-006->0.094584264,19980126-01-011->0.08998765,19980122-04-005->0.08796405,19980124-01-007->0.087753594,19980115-01-001->0.08774922,19980125-01-001->0.08721176,19980124-06-010->0.087003574,19980124-08-008->0.08527833,19980123-05-007->0.08480205,19980126-04-012->0.08351919,
19980102-02-007,19980102-02-007->1.0,19980124-04-007->0.2679151,19980106-06-008->0.18586878,19980109-03-013->0.18060113,19980122-03-006->0.16913345,19980122-04-012->0.15248138,19980112-02-008->0.14843139,19980124-05-016->0.14784212,19980114-11-002->0.1440503,19980119-02-014->0.14012337,19980115-05-012->0.13331947,19980131-01-013->0.13273263,19980116-12-007->0.1289396,19980119-01-005->0.12791903,19980123-02-018->0.12779148,19980114-07-004->0.116626345,19980106-04-008->0.11507646,19980109-05-012->0.11461143,19980127-04-006->0.11377976,19980103-01-006->0.11152108,19980112-12-006->0.11147717,19980113-11-004->0.11105761,19980119-11-008->0.10963983,19980127-07-008->0.10818766,19980106-06-014->0.107868016,19980107-01-003->0.104478136,19980111-03-002->0.102923006,19980121-01-002->0.10130314,19980108-01-008->0.100315854,19980110-08-005->0.09985687,
19980102-02-008,19980102-02-008->1.0000001,19980123-02-011->0.4605798,19980126-02-014->0.27928266,19980115-04-010->0.1495556,19980112-06-019->0.1272428,19980122-01-003->0.11426003,19980125-03-016->0.108511135,19980130-02-004->0.10809702,19980119-10-008->0.10232033,19980106-02-005->0.091844715,19980119-06-004->0.09102962,19980119-07-010->0.08979584,19980117-02-002->0.089058764,19980109-03-001->0.08817011,19980113-12-003->0.088137984,19980122-06-013->0.08618867,19980123-02-017->0.07774467,19980126-02-013->0.07641155,19980119-09-001->0.0737435,19980110-02-010->0.07188997,19980112-06-006->0.07092654,19980119-01-006->0.06976978,19980106-09-002->0.06880252,19980127-03-001->0.067007564,19980116-06-001->0.06473053,19980116-02-009->0.06431787,19980120-01-007->0.06351674,19980127-05-005->0.06334669,19980116-03-003->0.063328244,19980123-02-005->0.062224414,
19980102-02-009,19980102-02-009->1.0,19980107-10-008->0.07571462,19980114-03-005->0.07134476,19980119-06-007->0.061882664,19980101-07-010->0.06147257,19980129-01-001->0.05898878,19980123-06-008->0.058467563,19980124-10-009->0.054180805,19980119-10-010->0.054109097,19980123-05-002->0.053705353,19980112-02-005->0.052253228,19980124-10-011->0.051283993,19980122-06-009->0.051273137,19980121-10-012->0.049668998,19980117-01-011->0.04793438,19980113-06-007->0.0474855,19980109-03-007->0.04594218,19980117-07-008->0.045796048,19980105-08-003->0.0451278,19980122-10-001->0.044734955,19980122-06-010->0.04442986,19980126-01-009->0.043391373,19980120-09-006->0.043328244,19980124-01-010->0.042592764,19980109-01-008->0.04240552,19980121-09-004->0.041583523,19980122-05-011->0.041493393,19980131-02-014->0.04144901,19980112-01-005->0.04132331,19980123-05-003->0.040111907,
19980102-02-010,19980102-02-010->1.0,19980114-01-005->0.28873384,19980117-08-002->0.21125208,19980109-02-004->0.13932556,19980103-04-009->0.13907014,19980124-10-009->0.13223694,19980115-04-009->0.12332878,19980124-08-008->0.12117741,19980111-02-003->0.118725136,19980112-01-002->0.1103221,19980114-10-006->0.10288249,19980117-02-004->0.10265531,19980112-08-006->0.100878604,19980106-12-011->0.09778409,19980115-04-013->0.09507537,19980126-01-009->0.09403752,19980122-05-003->0.093337186,19980104-01-002->0.09306494,19980125-09-009->0.090795875,19980115-01-009->0.09043783,19980116-02-015->0.090156555,19980107-11-006->0.08969343,19980108-09-008->0.088707745,19980116-01-001->0.08588428,19980116-06-007->0.085100845,19980112-06-010->0.08487533,19980101-03-012->0.08461782,19980116-02-003->0.084426,19980125-03-010->0.08401473,19980105-06-014->0.0822699,
19980102-02-011,19980102-02-011->1.0,19980127-12-004->0.2898136,19980119-06-003->0.24519546,19980123-10-007->0.24334686,19980109-09-002->0.23849797,19980122-03-012->0.21461625,19980124-08-003->0.18831141,19980123-04-003->0.18715882,19980119-03-011->0.15146536,19980101-01-001->0.14878485,19980108-06-003->0.14545281,19980121-09-009->0.1388048,19980124-06-002->0.13495399,19980109-03-007->0.12987179,19980129-02-007->0.12859213,19980110-05-009->0.12774268,19980115-05-014->0.12724441,19980102-03-004->0.12145042,19980103-04-009->0.12141156,19980115-10-002->0.11504367,19980119-03-012->0.11312339,19980131-04-002->0.11275665,19980113-06-013->0.112279005,19980102-03-010->0.11062744,19980119-08-007->0.10795911,19980123-04-018->0.10718105,19980110-01-002->0.106194146,19980119-06-001->0.104444616,19980110-05-003->0.10398617,19980109-06-012->0.09744202,
19980102-02-012,19980102-02-012->1.0,19980115-06-017->0.17862706,19980109-04-008->0.17789061,19980106-01-008->0.16070525,19980111-03-005->0.16060287,19980122-04-011->0.14806867,19980121-12-006->0.12870328,19980121-06-005->0.1282514,19980116-11-007->0.12403079,19980102-02-014->0.12378392,19980112-06-015->0.11318169,19980131-03-010->0.1092751,19980110-02-012->0.09383745,19980110-02-013->0.08989903,19980104-01-005->0.08384576,19980131-01-009->0.078782655,19980103-03-015->0.0765312,19980116-04-010->0.06961634,19980126-12-003->0.0675944,19980119-09-002->0.066040635,19980127-06-008->0.06354631,19980116-04-014->0.061610438,19980115-02-001->0.059432525,19980123-09-002->0.05853203,19980126-01-009->0.05775363,19980110-06-002->0.0572365,19980106-05-006->0.056522053,19980115-01-013->0.05532957,19980104-04-012->0.05511346,19980107-07-003->0.053760137,
19980102-02-013,19980102-02-013->1.0,19980119-09-004->0.1545532,19980109-01-012->0.14958157,19980112-02-005->0.13800156,19980125-10-004->0.09939025,19980115-05-018->0.0978891,19980111-01-012->0.090510875,19980116-01-004->0.086687475,19980127-05-001->0.086603105,19980112-04-005->0.08628961,19980109-04-003->0.07809496,19980125-05-002->0.077689804,19980109-07-006->0.07542149,19980116-04-008->0.075035974,19980129-03-010->0.07199781,19980119-03-012->0.071668856,19980124-05-009->0.07132009,19980127-02-010->0.07024715,19980121-04-010->0.070133306,19980123-01-005->0.07003466,19980112-11-009->0.06852324,19980112-11-012->0.06814551,19980108-02-008->0.06770336,19980122-06-004->0.06717074,19980109-05-020->0.066307366,19980116-01-003->0.065717064,19980105-07-003->0.06228405,19980123-04-015->0.06220743,19980103-03-017->0.060979128,19980127-02-015->0.0608311,
19980102-02-014,19980102-02-014->1.0,19980111-01-008->0.24599312,19980111-03-005->0.21589251,19980114-04-010->0.18378875,19980131-03-008->0.17118429,19980107-06-016->0.16437125,19980121-04-009->0.15295212,19980131-02-008->0.15076187,19980116-08-002->0.14083917,19980113-09-004->0.14069699,19980111-02-003->0.12764224,19980111-01-012->0.12565213,19980102-02-012->0.12378392,19980110-01-003->0.114940025,19980117-08-002->0.10778405,19980112-02-005->0.106342435,19980112-06-015->0.10184413,19980107-03-002->0.099962085,19980112-06-014->0.09933253,19980128-03-005->0.09872553,19980119-04-015->0.09633413,19980128-02-010->0.09301608,19980112-02-001->0.09246072,19980131-03-010->0.08770552,19980130-02-005->0.086461596,19980131-04-004->0.085681155,19980125-04-007->0.08182908,19980115-01-009->0.07990113,19980129-03-006->0.07971918,19980122-01-012->0.073525645,
19980102-03-001,19980102-03-001->1.0,19980105-12-010->0.6887419,19980109-07-007->0.16077529,19980126-10-001->0.14494681,19980109-10-009->0.13507399,19980107-02-014->0.12629959,19980121-05-001->0.12401743,19980106-03-001->0.1090812,19980116-12-007->0.10068773,19980124-09-008->0.08635731,19980119-03-012->0.08306889,19980116-06-005->0.083054006,19980114-09-004->0.08093367,19980116-06-001->0.07780884,19980120-06-006->0.07603687,19980129-04-006->0.07275776,19980114-04-010->0.07201257,19980122-06-002->0.07114891,19980102-02-011->0.07017196,19980120-09-003->0.068917,19980123-10-007->0.06570668,19980109-11-002->0.06347872,19980101-07-008->0.06052829,19980115-04-012->0.0597025,19980127-12-004->0.05793815,19980115-07-005->0.057844717,19980119-02-018->0.057537884,19980116-08-007->0.05439514,19980103-02-003->0.052834082,19980122-03-012->0.05272557,
19980102-03-002,19980102-03-002->1.0000001,19980106-02-006->0.5567515,19980108-04-018->0.30391952,19980126-10-003->0.10534342,19980125-11-006->0.102278605,19980112-04-010->0.09563841,19980128-01-007->0.09546261,19980106-03-005->0.085315265,19980129-03-005->0.085196525,19980119-10-005->0.08225644,19980114-06-006->0.08211144,19980130-03-002->0.08167491,19980116-02-013->0.08124539,19980105-01-005->0.079964876,19980113-07-002->0.079809606,19980108-04-002->0.07883954,19980125-08-005->0.07822828,19980121-08-005->0.077461585,19980127-04-015->0.072224714,19980118-04-014->0.07086309,19980108-05-002->0.06970905,19980105-12-003->0.06902458,19980114-09-002->0.0688596,19980118-02-007->0.068798795,19980119-10-003->0.065813065,19980110-08-004->0.06406411,19980114-01-004->0.06389847,19980124-11-006->0.06223697,19980117-06-004->0.062164865,19980105-11-010->0.061858617,
19980102-03-003,19980102-03-003->1.0,19980102-03-004->0.40785265,19980116-12-008->0.14994392,19980125-11-004->0.13399695,19980104-04-017->0.12995236,19980116-05-007->0.12897514,19980109-04-010->0.12113134,19980122-06-003->0.11829591,19980119-04-019->0.1144226,19980126-10-008->0.10989688,19980109-03-003->0.10369447,19980123-11-004->0.1011977,19980105-01-002->0.09657292,19980102-03-005->0.09649715,19980117-06-005->0.09419687,19980101-03-010->0.09394115,19980124-06-010->0.09378331,19980119-04-020->0.09318784,19980105-11-009->0.09103217,19980114-01-008->0.090259105,19980108-04-015->0.08921828,19980115-11-008->0.08600293,19980127-04-002->0.0859769,19980115-05-001->0.08590053,19980119-03-005->0.082967244,19980112-04-013->0.08260229,19980118-04-015->0.08230512,19980115-02-010->0.07869835,19980124-02-005->0.07751828,19980105-08-002->0.07704977,
19980102-03-004,19980102-03-004->1.0,19980102-03-003->0.40785265,19980119-03-011->0.188605,19980124-06-002->0.17159876,19980109-03-007->0.14951445,19980103-04-009->0.14195783,19980116-12-008->0.13770254,19980115-10-002->0.13007782,19980110-05-003->0.127523,19980107-03-007->0.123830415,19980102-03-010->0.12371261,19980111-04-015->0.12252581,19980102-02-011->0.12145042,19980127-04-004->0.12044997,19980106-09-003->0.11990698,19980104-02-009->0.11878465,19980112-04-013->0.11671092,19980123-11-003->0.11078199,19980113-02-001->0.11045952,19980106-02-007->0.10754074,19980126-10-008->0.10537005,19980125-09-004->0.104305595,19980125-11-004->0.10274879,19980105-01-005->0.10213187,19980117-03-002->0.10129891,19980108-04-015->0.100558676,19980111-02-018->0.09864229,19980105-05-013->0.09826845,19980131-02-010->0.096636474,19980109-03-005->0.095858276,
19980102-03-005,19980102-03-005->1.0,19980102-03-006->0.58871514,19980125-11-008->0.37294134,19980127-07-001->0.34668016,19980119-04-011->0.27762502,19980101-02-004->0.25802884,19980103-04-001->0.22661945,19980119-01-004->0.21483359,19980115-07-001->0.19551083,19980126-02-010->0.16644724,19980119-06-002->0.1450504,19980115-03-007->0.13229282,19980108-09-011->0.13025285,19980120-07-005->0.11956064,19980103-04-002->0.11350121,19980120-07-007->0.101929985,19980102-03-003->0.09649715,19980104-01-008->0.09512666,19980120-03-006->0.09139459,19980126-09-002->0.08338795,19980116-12-008->0.06955445,19980108-04-015->0.068662904,19980104-04-017->0.06850546,19980105-01-005->0.066319525,19980118-04-015->0.06627011,19980107-05-007->0.065455325,19980112-02-003->0.063236244,19980127-06-007->0.06310998,19980102-03-004->0.06297723,19980103-04-003->0.06122919,
19980102-03-006,19980102-03-006->0.99999994,19980102-03-005->0.58871514,19980125-11-008->0.39451012,19980119-04-011->0.34701347,19980127-07-001->0.33143046,19980103-04-001->0.3298241,19980126-02-010->0.26982406,19980101-02-004->0.25605768,19980119-01-004->0.24918053,19980120-07-005->0.23758471,19980103-04-002->0.23625505,19980119-06-002->0.21142904,19980120-07-007->0.15718332,19980115-07-001->0.14268062,19980107-05-007->0.13796529,19980120-03-006->0.12479266,19980103-04-003->0.117834195,19980115-03-007->0.10689965,19980126-09-002->0.10447128,19980104-01-008->0.09830773,19980108-09-011->0.0900902,19980105-01-002->0.07110162,19980111-02-013->0.070994645,19980105-01-005->0.0706697,19980129-03-012->0.06873149,19980126-07-004->0.0680518,19980108-04-015->0.06406847,19980125-02-015->0.05894033,19980120-08-003->0.058726706,19980102-03-003->0.05749635,
19980102-03-007,19980102-03-007->1.0,19980105-07-005->0.38830847,19980111-04-013->0.17130814,19980120-01-016->0.139865,19980116-02-016->0.069733515,19980102-03-009->0.06372959,19980116-05-004->0.06240828,19980103-03-012->0.058666594,19980122-07-003->0.05578577,19980126-02-008->0.048516706,19980122-11-001->0.047998153,19980103-01-009->0.047539674,19980102-04-003->0.04575203,19980107-07-002->0.0443758,19980126-12-002->0.04359366,19980131-04-012->0.040195495,19980120-01-015->0.03988424,19980125-01-003->0.03959338,19980120-02-012->0.03885682,19980113-02-007->0.03864242,19980102-02-010->0.037970193,19980121-06-009->0.03753541,19980127-03-012->0.037010208,19980119-07-005->0.036880672,19980119-01-010->0.036255334,19980115-04-018->0.035881206,19980107-10-009->0.035196826,19980117-03-006->0.03494538,19980116-04-003->0.034731857,19980131-02-006->0.033549577,
19980102-03-008,19980102-03-008->0.99999994,19980111-02-016->0.1763848,19980107-03-004->0.13491249,19980104-02-003->0.12200862,19980119-04-018->0.117302366,19980126-05-012->0.11579425,19980113-08-001->0.11535058,19980125-09-010->0.10865323,19980105-12-001->0.104368754,19980110-02-012->0.09933296,19980121-08-007->0.09804088,19980123-12-006->0.094744526,19980113-08-004->0.09331183,19980106-09-002->0.08747795,19980119-02-008->0.07976909,19980107-02-013->0.07874058,19980108-05-003->0.07688741,19980114-10-005->0.07641297,19980119-06-021->0.076404035,19980113-07-007->0.07590933,19980116-06-003->0.07382021,19980102-04-007->0.07308052,19980115-05-016->0.071954936,19980109-06-004->0.07177203,19980106-02-008->0.06860075,19980118-02-007->0.06818168,19980110-06-004->0.06529323,19980123-11-002->0.060698494,19980127-07-007->0.060671274,19980107-12-001->0.060641013,
19980102-03-009,19980102-03-009->1.0,19980122-07-003->0.4425881,19980103-03-012->0.3528713,19980131-02-006->0.3307901,19980107-10-009->0.32384396,19980107-10-011->0.21406813,19980106-04-012->0.19573423,19980103-01-009->0.19352567,19980115-04-018->0.1918745,19980117-06-002->0.17539337,19980113-06-014->0.17057467,19980123-02-013->0.17021142,19980116-12-005->0.15527098,19980123-11-004->0.15254302,19980112-11-002->0.14950739,19980112-03-007->0.14236636,19980123-09-010->0.13623966,19980114-10-006->0.13437429,19980106-09-003->0.12762871,19980112-02-012->0.12240347,19980129-03-013->0.12113011,19980127-07-003->0.12066214,19980108-09-005->0.115195155,19980115-04-016->0.113656975,19980127-10-001->0.10859482,19980105-11-005->0.09775731,19980131-02-009->0.096554965,19980119-02-009->0.094236344,19980110-08-002->0.093948446,19980108-09-008->0.093237706,
19980102-03-010,19980102-03-010->1.0,19980105-03-005->0.26527584,19980126-11-001->0.18836376,19980119-03-011->0.15110664,19980109-03-007->0.12753534,19980119-01-012->0.12378464,19980102-03-004->0.12371261,19980124-06-002->0.122600906,19980103-04-009->0.12154041,19980115-10-002->0.11639124,19980110-05-003->0.1134445,19980102-02-011->0.11062744,19980117-02-014->0.10918739,19980104-01-003->0.09026933,19980125-09-004->0.086119756,19980113-02-001->0.0852186,19980106-09-003->0.08110453,19980104-02-009->0.079395875,19980112-04-013->0.07913671,19980112-12-003->0.07508627,19980109-02-011->0.074503966,19980117-03-002->0.07308551,19980123-11-003->0.07210865,19980126-12-002->0.07107754,19980111-02-018->0.07078764,19980125-03-016->0.069084585,19980127-04-012->0.0680672,19980101-01-002->0.067704335,19980105-05-013->0.06762471,19980121-11-005->0.06743159,
19980102-03-011,19980102-03-011->1.0,19980102-04-001->0.21441606,19980122-06-006->0.20129913,19980106-10-002->0.15530126,19980123-01-004->0.123510025,19980102-04-004->0.090116955,19980112-02-014->0.07504628,19980124-01-002->0.063070685,19980115-11-008->0.05622021,19980106-07-005->0.050850376,19980108-02-004->0.045935556,19980127-04-016->0.044922113,19980106-01-003->0.042676345,19980122-01-007->0.039673205,19980126-01-005->0.038151693,19980103-04-004->0.037312165,19980116-09-006->0.034808274,19980109-06-012->0.03434795,19980116-09-008->0.033161253,19980106-02-003->0.031397056,19980104-02-007->0.03042999,19980124-02-012->0.029690629,19980116-03-002->0.02887603,19980116-10-008->0.028354928,19980105-07-006->0.027908053,19980102-04-006->0.027279602,19980115-04-020->0.027216114,19980103-02-009->0.027185109,19980105-01-008->0.025955437,19980121-02-003->0.025206499,
19980102-04-001,19980102-04-001->1.0000001,19980102-03-011->0.21441606,19980106-10-002->0.1557086,19980122-06-006->0.14547235,19980129-01-010->0.14308044,19980122-07-002->0.13500784,19980123-01-004->0.12383397,19980127-06-010->0.08271794,19980120-05-006->0.082527034,19980127-02-013->0.07198482,19980123-08-005->0.064166665,19980104-02-007->0.052895404,19980109-12-002->0.038133908,19980116-09-008->0.037651468,19980127-11-002->0.036946535,19980122-04-007->0.03552596,19980107-01-005->0.03549586,19980125-02-003->0.03371244,19980124-06-003->0.032934107,19980115-06-006->0.030716151,19980106-07-005->0.02946382,19980120-03-004->0.0282909,19980120-03-003->0.028008226,19980126-06-010->0.027362708,19980110-05-005->0.02689224,19980106-07-013->0.026861107,19980120-11-004->0.026639836,19980123-02-002->0.026131872,19980116-09-009->0.025380986,19980106-01-002->0.025185993,
19980102-04-002,19980102-04-002->1.0,19980106-09-008->0.27914158,19980116-08-008->0.20687346,19980128-01-002->0.12659173,19980123-02-016->0.08924771,19980122-02-003->0.07219854,19980106-04-006->0.06424776,19980124-09-003->0.06269262,19980110-08-008->0.059791636,19980123-06-006->0.05783976,19980116-09-006->0.048934717,19980112-03-004->0.046684034,19980126-10-003->0.046483103,19980116-04-004->0.04476939,19980106-09-006->0.044270433,19980131-04-011->0.043627195,19980125-04-013->0.042702384,19980111-02-014->0.04050381,19980118-02-005->0.038849514,19980108-07-008->0.0385024,19980112-02-005->0.038497664,19980106-12-004->0.038355295,19980119-06-010->0.038251556,19980127-02-005->0.037488,19980127-06-002->0.037378713,19980103-03-004->0.036348715,19980127-02-004->0.03590906,19980116-10-008->0.03572194,19980108-10-002->0.033921827,19980119-06-018->0.033570867,
19980102-04-003,19980102-04-003->1.0,19980110-07-006->0.21775301,19980106-07-010->0.10397695,19980122-02-006->0.093786664,19980102-01-004->0.09190814,19980106-01-006->0.09118368,19980109-01-006->0.09005479,19980122-11-001->0.08911315,19980112-07-002->0.08897017,19980125-01-003->0.084083125,19980126-12-002->0.07928379,19980131-04-012->0.07920584,19980107-07-002->0.07864677,19980120-02-012->0.07439176,19980124-10-011->0.07230678,19980116-04-003->0.071572565,19980115-05-013->0.07102856,19980113-02-007->0.07050508,19980119-06-008->0.069393314,19980122-06-007->0.06827461,19980111-04-012->0.06825793,19980127-03-012->0.06647866,19980119-01-010->0.06494299,19980116-08-006->0.06483625,19980109-01-008->0.06478038,19980107-01-007->0.063783556,19980114-03-008->0.062750675,19980126-01-006->0.06251318,19980119-06-005->0.062348694,19980122-09-010->0.06173647,
19980102-04-004,19980102-04-004->1.0,19980116-09-006->0.24457419,19980123-09-004->0.16320531,19980120-06-004->0.15319331,19980116-08-001->0.14671193,19980106-07-005->0.14363112,19980106-09-008->0.11048454,19980106-12-013->0.10912365,19980124-10-005->0.10494356,19980102-03-011->0.090116955,19980112-02-014->0.08163301,19980130-04-007->0.06962584,19980125-04-012->0.06896294,19980122-11-004->0.06529634,19980122-06-006->0.061140593,19980117-03-003->0.060888115,19980119-06-016->0.060377713,19980125-08-003->0.0602405,19980119-07-010->0.05903973,19980107-09-003->0.05520432,19980101-03-005->0.053417485,19980124-09-003->0.050913714,19980112-04-003->0.050743695,19980108-06-007->0.04983554,19980130-04-009->0.049564634,19980125-02-001->0.047709826,19980113-11-010->0.04720696,19980116-08-005->0.04716994,19980115-04-020->0.045487102,19980105-07-008->0.044893548,
19980102-04-005,19980102-04-005->1.0,19980113-10-003->0.22287558,19980122-07-002->0.16562042,19980123-01-004->0.12434272,19980108-04-012->0.053104796,19980109-06-015->0.047151264,19980125-08-008->0.032697573,19980106-01-002->0.030896833,19980118-01-010->0.028275384,19980119-06-014->0.02824244,19980122-01-016->0.027595352,19980119-05-002->0.027218707,19980114-04-006->0.027218672,19980112-04-002->0.026999392,19980108-05-004->0.025844017,19980122-05-010->0.022346841,19980107-07-008->0.021871783,19980122-05-006->0.020685034,19980107-04-013->0.020547288,19980112-09-007->0.020504417,19980107-10-014->0.020213759,19980110-07-002->0.020181641,19980125-08-005->0.019365262,19980112-06-013->0.019317865,19980116-04-007->0.018775117,19980130-04-003->0.018179338,19980106-01-012->0.018019596,19980117-02-002->0.017646428,19980124-02-014->0.017584985,19980112-07-002->0.017546404,
19980102-04-006,19980102-04-006->1.0,19980121-04-011->0.47769827,19980126-08-005->0.41372514,19980121-05-002->0.35536972,19980116-12-003->0.294575,19980106-04-006->0.2050756,19980115-05-009->0.10881237,19980108-02-004->0.067750156,19980127-04-016->0.06625543,19980122-01-007->0.05851384,19980126-10-014->0.04210946,19980116-10-008->0.04182056,19980103-02-009->0.0400952,19980124-02-012->0.038557176,19980105-01-008->0.03828156,19980105-01-010->0.036942482,19980107-05-003->0.034788553,19980107-06-007->0.034236614,19980127-03-006->0.034050725,19980120-03-002->0.033456903,19980125-08-001->0.032991365,19980118-02-005->0.03217026,19980103-01-006->0.030645652,19980127-07-010->0.030462854,19980120-03-010->0.028921159,19980103-02-012->0.028741492,19980125-04-005->0.02748055,19980102-03-011->0.027279602,19980113-08-008->0.026723873,19980127-03-002->0.02598212,
19980102-04-007,19980102-04-007->0.99999994,19980106-02-008->0.6478087,19980115-05-016->0.61808014,19980115-02-016->0.60955894,19980107-03-004->0.54892534,19980107-02-013->0.52367985,19980126-06-001->0.4860293,19980106-09-002->0.4802146,19980126-05-012->0.47947013,19980105-12-001->0.47226623,19980113-08-001->0.44687772,19980123-11-002->0.4292969,19980121-08-006->0.40951276,19980113-07-007->0.40567437,19980130-04-014->0.3988295,19980119-02-008->0.39625025,19980105-02-008->0.37343496,19980122-05-002->0.35286123,19980114-10-005->0.34669992,19980125-06-013->0.34668878,19980118-04-014->0.33753893,19980112-12-005->0.31732577,19980105-05-006->0.3080277,19980123-03-007->0.3034494,19980121-08-007->0.29613155,19980116-06-003->0.2959115,19980122-05-005->0.2867118,19980112-06-021->0.28188577,19980113-08-006->0.2736866,19980105-03-006->0.2662646,
19980103-01-001,19980103-01-001->1.0,19980121-04-011->0.24256632,19980113-08-008->0.2020308,19980116-08-008->0.13750124,19980119-10-015->0.09369069,19980119-10-014->0.08103934,19980111-04-006->0.069059335,19980127-05-005->0.0674295,19980119-06-020->0.06480394,19980110-02-003->0.06172477,19980112-06-006->0.052667934,19980125-05-001->0.050464552,19980122-09-008->0.045318328,19980124-09-010->0.04521889,19980120-09-003->0.04314407,19980106-07-005->0.042194832,19980109-02-006->0.041581184,19980127-01-002->0.040986065,19980103-04-004->0.040965457,19980121-03-001->0.037885748,19980111-03-007->0.036501713,19980112-07-009->0.035865203,19980126-04-014->0.035646446,19980131-02-013->0.033787254,19980119-02-005->0.032832105,19980105-08-001->0.030988622,19980115-04-020->0.029551035,19980122-01-004->0.029043546,19980126-02-001->0.028910793,19980117-02-010->0.027893715,
19980103-01-002,19980103-01-002->1.0,19980113-10-003->0.2542874,19980122-06-006->0.08786392,19980114-05-006->0.08009263,19980105-10-007->0.06346813,19980103-02-012->0.060946427,19980126-10-007->0.048360538,19980112-04-003->0.038646795,19980125-04-010->0.037191696,19980128-02-003->0.031797923,19980126-02-008->0.028793352,19980105-06-017->0.02833459,19980118-02-004->0.028060805,19980124-07-001->0.026039874,19980119-02-007->0.025780795,19980122-01-005->0.025176438,19980125-04-013->0.024275556,19980121-02-020->0.022103637,19980115-06-006->0.020652331,19980107-05-011->0.019964034,19980114-08-010->0.019049473,19980105-05-002->0.01862258,19980107-05-002->0.018533366,19980107-06-009->0.01783189,19980119-04-007->0.017314447,19980122-06-009->0.017269325,19980120-11-007->0.016767835,19980110-05-001->0.016432172,19980106-04-006->0.016126152,19980106-06-003->0.016029576,
19980103-01-003,19980103-01-003->1.0,19980105-07-008->0.113410115,19980107-11-001->0.10408395,19980107-09-005->0.09397076,19980125-08-006->0.08414902,19980115-11-001->0.08348936,19980114-12-001->0.083364956,19980110-04-010->0.07864534,19980112-05-005->0.07568237,19980118-04-008->0.07374321,19980126-07-004->0.07356586,19980112-08-002->0.070778266,19980121-02-013->0.0692488,19980119-08-001->0.06813922,19980119-10-012->0.067438565,19980108-06-012->0.06618771,19980106-09-008->0.06601863,19980119-05-009->0.06316669,19980120-03-007->0.061924517,19980107-09-004->0.060174473,19980121-09-007->0.057801563,19980125-04-012->0.057707746,19980109-12-006->0.05756287,19980117-07-003->0.0575489,19980115-03-003->0.056780357,19980122-01-009->0.056684185,19980113-11-010->0.055884898,19980119-06-009->0.055772312,19980112-08-001->0.05535885,19980107-05-008->0.05356258,
19980103-01-004,19980103-01-004->1.0,19980124-08-006->0.34316108,19980120-09-002->0.18559729,19980123-08-003->0.1848584,19980110-01-001->0.107124016,19980112-08-002->0.10520084,19980125-08-006->0.093117945,19980130-01-004->0.08817126,19980111-02-011->0.08763829,19980126-05-011->0.085822776,19980112-08-001->0.08404559,19980115-01-007->0.08084533,19980108-06-012->0.07869317,19980112-07-008->0.07591427,19980112-05-005->0.072362736,19980106-02-003->0.07076895,19980124-10-003->0.06908153,19980107-09-003->0.06507986,19980127-04-014->0.06458275,19980108-02-013->0.064540096,19980120-04-016->0.062389594,19980124-09-004->0.062229455,19980106-04-003->0.06170059,19980109-12-006->0.06008196,19980108-04-005->0.0599662,19980126-08-009->0.059829447,19980115-03-003->0.059677143,19980112-07-009->0.059042215,19980115-04-020->0.0576334,19980107-09-004->0.057156574,
19980103-01-005,19980103-01-005->1.0,19980119-10-016->0.3630046,19980115-04-016->0.2140399,19980121-02-005->0.2117718,19980112-04-009->0.20562443,19980121-02-004->0.19439737,19980106-02-003->0.19295354,19980121-01-008->0.17354554,19980123-01-001->0.1712614,19980116-12-005->0.16696674,19980112-04-015->0.16496202,19980115-04-020->0.15790734,19980121-02-003->0.15283994,19980107-11-008->0.14349116,19980105-06-004->0.13214177,19980126-08-003->0.11418389,19980117-01-004->0.1111878,19980120-03-003->0.11027772,19980105-03-010->0.108940154,19980109-06-007->0.10605101,19980126-08-002->0.10156321,19980120-06-008->0.09674415,19980122-01-016->0.09545592,19980120-08-001->0.093702465,19980123-03-004->0.09022766,19980121-01-005->0.08918134,19980106-11-007->0.088231355,19980108-09-005->0.08688723,19980120-07-010->0.08659506,19980123-12-001->0.084924,
19980103-01-006,19980103-01-006->1.0,19980124-02-012->0.51824915,19980102-02-007->0.11152108,19980122-01-007->0.1047287,19980124-04-015->0.09599301,19980110-01-001->0.077812105,19980113-06-002->0.07660967,19980108-05-004->0.07234111,19980119-11-008->0.068367586,19980103-04-005->0.06705688,19980120-04-015->0.06699801,19980107-09-004->0.066187754,19980109-02-005->0.062781304,19980119-08-010->0.061648153,19980105-04-017->0.06149511,19980113-11-001->0.06099292,19980107-10-003->0.059982605,19980126-12-004->0.059123334,19980116-11-001->0.057569854,19980106-04-007->0.05735975,19980130-03-006->0.056816798,19980125-03-005->0.056743775,19980119-08-005->0.05607785,19980121-02-015->0.055989686,19980125-05-002->0.05550893,19980105-01-005->0.05540192,19980116-04-004->0.055096768,19980125-07-003->0.054470524,19980112-10-016->0.053909466,19980113-06-001->0.05356904,
19980103-01-007,19980103-01-007->1.0,19980123-12-002->0.2621933,19980106-10-001->0.17669557,19980104-04-009->0.17458126,19980110-04-003->0.17185016,19980127-07-005->0.1335749,19980110-04-005->0.11230603,19980126-04-010->0.10947412,19980126-04-006->0.10865989,19980130-02-012->0.0926062,19980106-07-002->0.08318191,19980120-02-004->0.08000407,19980127-04-016->0.07986917,19980128-01-005->0.077965625,19980105-07-001->0.077654846,19980118-02-005->0.07756081,19980112-02-006->0.07675679,19980124-06-004->0.0766129,19980116-01-002->0.07511321,19980128-02-003->0.07230653,19980103-02-010->0.071349576,19980105-11-006->0.06954039,19980110-08-006->0.069019385,19980113-04-010->0.065323025,19980124-10-010->0.06304834,19980110-03-003->0.062971614,19980107-10-012->0.0626987,19980122-11-006->0.06095348,19980105-01-010->0.06041804,19980110-03-002->0.058094237,
19980103-01-008,19980103-01-008->1.0,19980108-09-010->0.37929833,19980105-11-007->0.37673092,19980106-09-007->0.29790878,19980104-01-007->0.28778234,19980125-06-010->0.2811928,19980123-12-004->0.23266153,19980129-03-011->0.23079032,19980126-06-002->0.22956368,19980130-04-012->0.19740176,19980125-06-007->0.1955046,19980117-01-003->0.19187292,19980127-01-006->0.18958904,19980122-05-004->0.188509,19980107-02-012->0.18764783,19980123-03-006->0.18341842,19980120-05-004->0.18289226,19980130-03-002->0.18129322,19980119-07-002->0.17554304,19980119-07-003->0.17380208,19980125-05-003->0.17015062,19980127-02-003->0.16549061,19980102-04-007->0.16428266,19980124-05-003->0.16300775,19980109-03-002->0.16060665,19980115-11-002->0.1595399,19980105-11-010->0.15940085,19980127-07-004->0.1566477,19980126-09-006->0.15320325,19980131-01-004->0.15300184,
19980103-01-009,19980103-01-009->1.0,19980103-03-012->0.41057694,19980122-07-003->0.3002047,19980102-03-009->0.19352567,19980108-05-006->0.12935857,19980107-10-009->0.120732725,19980131-02-006->0.12020663,19980120-05-001->0.0992229,19980123-09-010->0.09864012,19980122-03-002->0.09618356,19980113-06-010->0.09416905,19980115-04-018->0.087795794,19980117-06-002->0.08778353,19980107-10-011->0.0843846,19980106-09-003->0.08281684,19980106-04-012->0.0822439,19980112-02-006->0.08199131,19980113-06-004->0.08170745,19980111-02-015->0.08151963,19980117-07-008->0.079091884,19980115-04-016->0.07848287,19980127-07-003->0.07449902,19980123-02-013->0.07425469,19980120-03-005->0.07376745,19980112-03-007->0.07128464,19980110-08-006->0.070187025,19980116-12-005->0.06961095,19980113-06-014->0.068874985,19980108-09-005->0.06763303,19980112-02-012->0.06720537,
19980103-02-001,19980103-02-001->1.0,19980124-12-008->0.21624385,19980107-03-005->0.19429567,19980130-02-006->0.17583266,19980122-03-015->0.1670272,19980130-04-003->0.16426708,19980124-12-003->0.14134732,19980129-02-013->0.13347723,19980108-02-015->0.121608645,19980106-06-006->0.11623567,19980112-08-009->0.115740076,19980107-05-012->0.096690126,19980126-08-006->0.09332364,19980107-03-003->0.090189874,19980113-02-002->0.08735037,19980115-05-014->0.08668254,19980111-02-003->0.0862506,19980126-04-001->0.08527635,19980108-11-004->0.08435572,19980127-04-006->0.0840383,19980113-10-004->0.082899176,19980127-07-008->0.080524676,19980117-04-005->0.07823667,19980126-11-002->0.07689408,19980110-07-003->0.07665063,19980128-02-004->0.075736344,19980119-02-014->0.075009204,19980112-06-009->0.07468767,19980109-01-002->0.074091464,19980118-01-007->0.073183335,
19980103-02-002,19980103-02-002->1.0,19980110-02-014->0.32531294,19980119-08-009->0.13533431,19980130-02-010->0.11808762,19980122-11-002->0.10461227,19980120-09-004->0.09982677,19980124-07-001->0.090621136,19980123-03-001->0.09019026,19980115-02-009->0.086376466,19980122-06-009->0.08634135,19980120-11-003->0.08596034,19980125-01-001->0.08559125,19980107-10-008->0.084051825,19980108-08-003->0.08011678,19980126-04-001->0.078611284,19980112-02-020->0.077278495,19980122-09-005->0.07655308,19980108-03-001->0.07621592,19980118-02-001->0.075432144,19980118-01-011->0.075306304,19980130-03-001->0.07479123,19980108-02-014->0.07449557,19980128-02-005->0.07346401,19980109-01-002->0.073372714,19980116-02-001->0.07118467,19980123-06-015->0.07095872,19980112-09-007->0.07060635,19980131-03-011->0.07056745,19980120-10-003->0.069992796,19980125-09-011->0.06989188,
19980103-02-003,19980103-02-003->1.0,19980116-12-007->0.22802642,19980121-05-001->0.22289361,19980109-11-002->0.20562527,19980115-11-004->0.17373756,19980112-03-005->0.16404492,19980120-07-004->0.14809635,19980114-04-005->0.1405767,19980120-09-003->0.1382724,19980124-09-008->0.1347443,19980120-04-018->0.1342356,19980119-06-006->0.12743025,19980108-05-009->0.1250151,19980105-05-011->0.12331562,19980101-07-008->0.12067765,19980119-02-019->0.1149168,19980127-04-008->0.11201294,19980122-01-013->0.10324037,19980115-02-015->0.10315545,19980108-07-007->0.09498407,19980119-01-001->0.0946136,19980105-04-001->0.08984892,19980115-09-006->0.087690145,19980101-07-007->0.07430307,19980120-10-003->0.0735257,19980115-06-014->0.071226835,19980108-06-001->0.06640303,19980115-11-003->0.0663879,19980105-08-007->0.0657907,19980118-01-004->0.064892486,
19980103-02-004,19980103-02-004->1.0,19980129-03-008->0.31518,19980124-07-003->0.28110623,19980119-07-006->0.2436515,19980125-12-003->0.23628792,19980121-08-004->0.22033815,19980105-04-014->0.2195379,19980111-02-006->0.21106222,19980107-06-014->0.2110022,19980125-06-002->0.21000868,19980124-12-007->0.20817567,19980106-02-009->0.19703783,19980122-01-005->0.19493943,19980125-09-011->0.1842707,19980130-03-006->0.1833078,19980124-11-007->0.1726379,19980111-02-007->0.17039338,19980127-06-006->0.16799954,19980127-06-008->0.16118988,19980119-05-006->0.15925743,19980119-06-011->0.15460865,19980131-02-001->0.15440376,19980106-12-010->0.15181422,19980127-06-005->0.14602345,19980113-04-010->0.14321238,19980121-08-008->0.14175077,19980117-02-004->0.14014697,19980115-02-006->0.13979542,19980116-01-007->0.13524504,19980114-07-008->0.13376382,
19980103-02-005,19980103-02-005->1.0,19980125-12-006->0.34541678,19980122-04-006->0.31090125,19980106-07-012->0.3018971,19980127-05-003->0.2666736,19980125-07-001->0.2421835,19980123-05-013->0.21596858,19980108-11-005->0.14988048,19980125-06-005->0.14884521,19980127-02-010->0.1385809,19980114-08-009->0.13476615,19980112-11-007->0.117075786,19980113-02-006->0.10873222,19980112-10-011->0.09528752,19980109-05-014->0.09157545,19980121-04-010->0.08621949,19980128-03-012->0.07610499,19980110-06-004->0.074100554,19980121-10-008->0.0736401,19980123-05-015->0.07118184,19980110-02-008->0.06911056,19980127-07-007->0.06821306,19980110-08-003->0.06814526,19980113-08-007->0.06534299,19980125-07-005->0.06310648,19980116-01-005->0.061912946,19980124-12-002->0.059721842,19980109-09-003->0.058726743,19980106-11-006->0.05811328,19980112-09-004->0.05742226,
